title,batik,jsvg,svgsalamander,echosvg
filters/enable-background/accumulate-with-new.svg,0,0,0,0
filters/enable-background/accumulate.svg,0,0,0,0
filters/enable-background/filter-on-shape.svg,0,0,0,0
filters/enable-background/inherit.svg,0,0,0,0
filters/enable-background/new-with-invalid-region-1.svg,0,0,0,0
filters/enable-background/new-with-invalid-region-2.svg,0,0,0,0
filters/enable-background/new-with-invalid-region-3.svg,0,0,0,0
filters/enable-background/new-with-region.svg,0,0,0,0
filters/enable-background/new.svg,0,0,0,0
filters/enable-background/shapes-after-filter.svg,0,0,0,0
filters/enable-background/stop-on-the-first-new-1.svg,0,0,0,0
filters/enable-background/stop-on-the-first-new-2.svg,0,0,0,0
filters/enable-background/with-clip-path.svg,0,0,0,0
filters/enable-background/with-filter-on-the-same-element.svg,0,0,0,0
filters/enable-background/with-filter.svg,0,0,0,0
filters/enable-background/with-mask.svg,0,0,0,0
filters/enable-background/with-opacity-1.svg,0,0,0,0
filters/enable-background/with-opacity-2.svg,0,0,0,0
filters/enable-background/with-opacity-3.svg,0,0,0,0
filters/enable-background/with-opacity-4.svg,0,0,0,0
filters/enable-background/with-transform.svg,0,0,0,0
filters/feBlend/empty.svg,0,0,0,0
filters/feBlend/mode=color-burn.svg,0,0,0,0
filters/feBlend/mode=darken.svg,0,0,0,0
filters/feBlend/mode=hue.svg,0,0,0,0
filters/feBlend/mode=lighten.svg,0,0,0,0
filters/feBlend/mode=multiply.svg,0,0,0,0
filters/feBlend/mode=normal.svg,0,0,0,0
filters/feBlend/mode=screen.svg,0,0,0,0
filters/feBlend/with-subregion-on-input-1.svg,0,0,0,0
filters/feBlend/with-subregion-on-input-2.svg,0,0,0,0
filters/feColorMatrix/invalid-type.svg,0,0,0,0
filters/feColorMatrix/type=hueRotate-without-an-angle.svg,0,0,0,0
filters/feColorMatrix/type=hueRotate.svg,0,0,0,0
filters/feColorMatrix/type=luminanceToAlpha.svg,0,0,0,0
filters/feColorMatrix/type=matrix-with-empty-values.svg,0,0,0,0
filters/feColorMatrix/type=matrix-with-non-normalized-values.svg,0,0,0,0
filters/feColorMatrix/type=matrix-with-not-enough-values.svg,0,0,0,0
filters/feColorMatrix/type=matrix-with-too-many-values.svg,0,0,0,0
filters/feColorMatrix/type=matrix-without-values.svg,0,0,0,0
filters/feColorMatrix/type=matrix.svg,0,0,0,0
filters/feColorMatrix/type=saturate-with-a-large-coefficient.svg,0,0,0,0
filters/feColorMatrix/type=saturate-with-negative-coefficient.svg,0,0,0,0
filters/feColorMatrix/type=saturate-without-a-coefficient.svg,0,0,0,0
filters/feColorMatrix/type=saturate.svg,0,0,0,0
filters/feColorMatrix/without-a-type.svg,0,0,0,0
filters/feColorMatrix/without-attributes.svg,0,0,0,0
filters/feComponentTransfer/invalid-type.svg,0,0,0,0
filters/feComponentTransfer/mixed-types.svg,0,0,0,0
filters/feComponentTransfer/no-children.svg,0,0,0,0
filters/feComponentTransfer/type=discrete-on-blue.svg,0,0,0,0
filters/feComponentTransfer/type=gamma-on-blue.svg,0,0,0,0
filters/feComponentTransfer/type=gamma-with-an-invalid-offset.svg,0,0,0,0
filters/feComponentTransfer/type=gamma-with-invalid-values.svg,0,0,0,0
filters/feComponentTransfer/type=identity-on-all.svg,0,0,0,0
filters/feComponentTransfer/type=linear-on-blue.svg,0,0,0,0
filters/feComponentTransfer/type=linear-with-invalid-values.svg,0,0,0,0
filters/feComponentTransfer/type=linear-with-large-values.svg,0,0,0,0
filters/feComponentTransfer/type=table-and-tableValues=1-0-1.svg,0,0,0,0
filters/feComponentTransfer/type=table-and-tableValues=1.svg,0,0,0,0
filters/feComponentTransfer/type=table-and-tableValues=100--100.svg,0,0,0,0
filters/feComponentTransfer/type=table-and-tableValues=1px.svg,0,0,0,0
filters/feComponentTransfer/type=table-on-alpha.svg,0,0,0,0
filters/feComponentTransfer/type=table-on-blue-twice.svg,0,0,0,0
filters/feComponentTransfer/type=table-on-blue-with-sRGB-interpolation.svg,0,0,0,0
filters/feComponentTransfer/type=table-on-blue.svg,0,0,0,0
filters/feComponentTransfer/type=table-with-an-empty-tableValues.svg,0,0,0,0
filters/feComponentTransfer/type=table-with-large-values.svg,0,0,0,0
filters/feComponentTransfer/type=table-without-tableValues.svg,0,0,0,0
filters/feComposite/default-operator.svg,0,0,0,0
filters/feComposite/empty.svg,0,0,0,0
filters/feComposite/invalid-operator.svg,0,0,0,0
filters/feComposite/operator=arithmetic-and-invalid-k1-4.svg,0,0,0,0
filters/feComposite/operator=arithmetic-on-sRGB.svg,0,0,0,0
filters/feComposite/operator=arithmetic-with-large-k1-4.svg,0,0,0,0
filters/feComposite/operator=arithmetic-with-opacity-on-sRGB.svg,0,0,0,0
filters/feComposite/operator=arithmetic-with-opacity.svg,0,0,0,0
filters/feComposite/operator=arithmetic-with-some-k1-4.svg,0,0,0,0
filters/feComposite/operator=arithmetic-without-k1-4.svg,0,0,0,0
filters/feComposite/operator=arithmetic.svg,0,0,0,0
filters/feComposite/operator=atop.svg,0,0,0,0
filters/feComposite/operator=in.svg,0,0,0,0
filters/feComposite/operator=out.svg,0,0,0,0
filters/feComposite/operator=over.svg,0,0,0,0
filters/feComposite/operator=xor.svg,0,0,0,0
filters/feComposite/with-subregion-on-input-1.svg,0,0,0,0
filters/feComposite/with-subregion-on-input-2.svg,0,0,0,0
filters/feConvolveMatrix/bias=-0.5.svg,0,0,0,0
filters/feConvolveMatrix/bias=0.5.svg,0,0,0,0
filters/feConvolveMatrix/bias=9999.svg,0,0,0,0
filters/feConvolveMatrix/custom-divisor.svg,0,0,0,0
filters/feConvolveMatrix/divisor=0.svg,0,0,0,0
filters/feConvolveMatrix/edgeMode=none.svg,0,0,0,0
filters/feConvolveMatrix/edgeMode=wrap-with-matrix-larger-than-target.svg,0,0,0,0
filters/feConvolveMatrix/edgeMode=wrap.svg,0,0,0,0
filters/feConvolveMatrix/empty-kernelMatrix.svg,0,0,0,0
filters/feConvolveMatrix/kernelMatrix-with-not-enough-values.svg,0,0,0,0
filters/feConvolveMatrix/kernelMatrix-with-too-many-values.svg,0,0,0,0
filters/feConvolveMatrix/kernelMatrix-with-zero-sum-and-no-divisor.svg,0,0,0,0
filters/feConvolveMatrix/no-kernelMatrix.svg,0,0,0,0
filters/feConvolveMatrix/order-with-a-negative-value-1.svg,0,0,0,0
filters/feConvolveMatrix/order-with-a-negative-value-2.svg,0,0,0,0
filters/feConvolveMatrix/order=0.svg,0,0,0,0
filters/feConvolveMatrix/order=4-2.svg,0,0,0,0
filters/feConvolveMatrix/order=4-4.svg,0,0,0,0
filters/feConvolveMatrix/order=4.svg,0,0,0,0
filters/feConvolveMatrix/preserveAlpha=true.svg,0,0,0,0
filters/feConvolveMatrix/targetX=-1.svg,0,0,0,0
filters/feConvolveMatrix/targetX=0.svg,0,0,0,0
filters/feConvolveMatrix/targetX=2.svg,0,0,0,0
filters/feConvolveMatrix/targetX=3.svg,0,0,0,0
filters/feConvolveMatrix/unset-order.svg,0,0,0,0
filters/feDiffuseLighting/complex-transform.svg,0,0,0,0
filters/feDiffuseLighting/diffuseConstant=-1.svg,0,0,0,0
filters/feDiffuseLighting/diffuseConstant=0.svg,0,0,0,0
filters/feDiffuseLighting/diffuseConstant=5.svg,0,0,0,0
filters/feDiffuseLighting/lighting-color=currentColor-without-color.svg,0,0,0,0
filters/feDiffuseLighting/lighting-color=currentColor.svg,0,0,0,0
filters/feDiffuseLighting/lighting-color=hsla.svg,0,0,0,0
filters/feDiffuseLighting/lighting-color=inherit.svg,0,0,0,0
filters/feDiffuseLighting/lighting-color=seagreen.svg,0,0,0,0
filters/feDiffuseLighting/linearRGB-color-interpolation.svg,0,0,0,0
filters/feDiffuseLighting/multiple-light-sources.svg,0,0,0,0
filters/feDiffuseLighting/no-light-source.svg,0,0,0,0
filters/feDiffuseLighting/single-light-source-with-comment.svg,0,0,0,0
filters/feDiffuseLighting/single-light-source-with-desc.svg,0,0,0,0
filters/feDiffuseLighting/single-light-source-with-invalid-child.svg,0,0,0,0
filters/feDiffuseLighting/single-light-source-with-title-and-desc.svg,0,0,0,0
filters/feDiffuseLighting/single-light-source-with-title.svg,0,0,0,0
filters/feDiffuseLighting/single-light-source.svg,0,0,0,0
filters/feDiffuseLighting/surfaceScale=-10.svg,0,0,0,0
filters/feDiffuseLighting/surfaceScale=0.svg,0,0,0,0
filters/feDiffuseLighting/surfaceScale=1.33.svg,0,0,0,0
filters/feDiffuseLighting/surfaceScale=5.svg,0,0,0,0
filters/feDisplacementMap/simple-case.svg,0,0,0,0
filters/feDistantLight/default-attributes.svg,0,0,0,0
filters/feDistantLight/negative-azimuth-and-elevation.svg,0,0,0,0
filters/feDistantLight/only-azimuth.svg,0,0,0,0
filters/feDistantLight/only-elevation.svg,0,0,0,0
filters/feDropShadow/hsla-color.svg,0,0,0,0
filters/feDropShadow/only-stdDeviation.svg,0,0,0,0
filters/feDropShadow/stdDeviation=0.svg,0,0,0,0
filters/feDropShadow/with-flood-color.svg,0,0,0,0
filters/feDropShadow/with-flood-opacity.svg,0,0,0,0
filters/feDropShadow/with-offset-clipped.svg,0,0,0,0
filters/feDropShadow/with-offset.svg,0,0,0,0
filters/feDropShadow/with-percent-offset.svg,0,0,0,0
filters/feFlood/complex-transform.svg,0,0,0,0
filters/feFlood/default-values.svg,0,0,0,0
filters/feFlood/partial-subregion.svg,0,0,0,0
filters/feFlood/seagreen.svg,0,0,0,0
filters/feFlood/subregion-inheritance.svg,0,0,0,0
filters/feFlood/subregion-with-primitiveUnits=objectBoundingBox.svg,0,0,0,0
filters/feFlood/with-opacity-on-target-element.svg,0,0,0,0
filters/feFlood/with-opacity.svg,0,0,0,0
filters/feGaussianBlur/complex-transform.svg,0,0,0,0
filters/feGaussianBlur/empty-stdDeviation.svg,0,0,0,0
filters/feGaussianBlur/huge-stdDeviation.svg,0,0,0,0
filters/feGaussianBlur/negative-stdDeviation.svg,0,0,0,0
filters/feGaussianBlur/no-stdDeviation.svg,0,0,0,0
filters/feGaussianBlur/simple-case.svg,0,0,0,0
filters/feGaussianBlur/small-stdDeviation.svg,0,0,0,0
filters/feGaussianBlur/stdDeviation-with-multiple-values.svg,0,0,0,0
filters/feGaussianBlur/stdDeviation-with-two-different-values.svg,0,0,0,0
filters/feGaussianBlur/stdDeviation-with-two-values.svg,0,0,0,0
filters/feGaussianBlur/stdDeviation=0-5.svg,0,0,0,0
filters/feGaussianBlur/stdDeviation=5-0.svg,0,0,0,0
filters/feGaussianBlur/tiny-stdDeviation.svg,0,0,0,0
filters/feImage/chained-feImage.svg,0,0,0,0
filters/feImage/embedded-png.svg,0,0,0,0
filters/feImage/empty.svg,0,0,0,0
filters/feImage/link-on-an-element-with-complex-transform.svg,0,0,0,0
filters/feImage/link-on-an-element-with-transform.svg,0,0,0,0
filters/feImage/link-to-an-element-outside-defs-1.svg,0,0,0,0
filters/feImage/link-to-an-element-outside-defs-2.svg,0,0,0,0
filters/feImage/link-to-an-element-with-opacity.svg,0,0,0,0
filters/feImage/link-to-an-element-with-transform.svg,0,0,0,0
filters/feImage/link-to-an-element.svg,0,0,0,0
filters/feImage/link-to-an-invalid-element.svg,0,0,0,0
filters/feImage/link-to-g.svg,0,0,0,0
filters/feImage/link-to-use.svg,0,0,0,0
filters/feImage/preserveAspectRatio=none.svg,0,0,0,0
filters/feImage/recursive-links-1.svg,0,0,0,0
filters/feImage/recursive-links-2.svg,0,0,0,0
filters/feImage/self-recursive.svg,0,0,0,0
filters/feImage/simple-case.svg,0,0,0,0
filters/feImage/svg.svg,0,0,0,0
filters/feImage/with-subregion-1.svg,0,0,0,0
filters/feImage/with-subregion-2.svg,0,0,0,0
filters/feImage/with-subregion-3.svg,0,0,0,0
filters/feImage/with-subregion-4.svg,0,0,0,0
filters/feImage/with-subregion-5.svg,0,0,0,0
filters/feImage/with-x-y-and-protruding-subregion-1.svg,0,0,0,0
filters/feImage/with-x-y-and-protruding-subregion-2.svg,0,0,0,0
filters/feImage/with-x-y.svg,0,0,0,0
filters/feMerge/color-interpolation-filters=linearRGB.svg,0,0,0,0
filters/feMerge/color-interpolation-filters=sRGB.svg,0,0,0,0
filters/feMerge/complex-transform.svg,0,0,0,0
filters/feMorphology/empty-radius.svg,0,0,0,0
filters/feMorphology/huge-radius.svg,0,0,0,0
filters/feMorphology/negative-radius.svg,0,0,0,0
filters/feMorphology/no-radius.svg,0,0,0,0
filters/feMorphology/operator=dilate.svg,0,0,0,0
filters/feMorphology/radius-with-too-many-values.svg,0,0,0,0
filters/feMorphology/radius=0.5-with-objectBoundingBox.svg,0,0,0,0
filters/feMorphology/radius=0.5.svg,0,0,0,0
filters/feMorphology/radius=1-10.svg,0,0,0,0
filters/feMorphology/radius=10-0.svg,0,0,0,0
filters/feMorphology/radius=10-1.svg,0,0,0,0
filters/feMorphology/simple-case.svg,0,0,0,0
filters/feMorphology/source-with-opacity.svg,0,0,0,0
filters/feMorphology/zero-radius.svg,0,0,0,0
filters/feOffset/complex-transform.svg,0,0,0,0
filters/feOffset/fractional-offset.svg,0,0,0,0
filters/feOffset/negative-offset.svg,0,0,0,0
filters/feOffset/no-offset.svg,0,0,0,0
filters/feOffset/only-dx.svg,0,0,0,0
filters/feOffset/only-dy.svg,0,0,0,0
filters/feOffset/percentage-values.svg,0,0,0,0
filters/feOffset/simple-case.svg,0,0,0,0
filters/feOffset/with-primitiveUnits=objectBoundingBox.svg,0,0,0,0
filters/fePointLight/complex-transform.svg,0,0,0,0
filters/fePointLight/custom-attributes.svg,0,0,0,0
filters/fePointLight/default-attributes.svg,0,0,0,0
filters/fePointLight/primitiveUnits=objectBoundingBox.svg,0,0,0,0
filters/feSpecularLighting/lighting-color=hsla.svg,0,0,0,0
filters/feSpecularLighting/specularExponent=0.svg,0,0,0,0
filters/feSpecularLighting/specularExponent=256.svg,0,0,0,0
filters/feSpecularLighting/with-feDistantLight.svg,0,0,0,0
filters/feSpecularLighting/with-fePointLight.svg,0,0,0,0
filters/feSpecularLighting/with-feSpotLight-and-specular-and-exponent.svg,0,0,0,0
filters/feSpecularLighting/with-feSpotLight-and-specularConstant=5.svg,0,0,0,0
filters/feSpecularLighting/with-feSpotLight.svg,0,0,0,0
filters/feSpotLight/complex-transform.svg,0,0,0,0
filters/feSpotLight/custom-attributes.svg,0,0,0,0
filters/feSpotLight/default-attributes.svg,0,0,0,0
filters/feSpotLight/limitingConeAngle-anti-aliasing.svg,0,0,0,0
filters/feSpotLight/limitingConeAngle=-30.svg,0,0,0,0
filters/feSpotLight/limitingConeAngle=0.svg,0,0,0,0
filters/feSpotLight/limitingConeAngle=30.svg,0,0,0,0
filters/feSpotLight/primitiveUnits=objectBoundingBox.svg,0,0,0,0
filters/feSpotLight/specularExponent=-10.svg,0,0,0,0
filters/feSpotLight/specularExponent=0.5.svg,0,0,0,0
filters/feSpotLight/specularExponent=10.svg,0,0,0,0
filters/feSpotLight/with-all-pointsAt.svg,0,0,0,0
filters/feTile/complex-transform.svg,0,0,0,0
filters/feTile/empty-region.svg,0,0,0,0
filters/feTile/simple-case.svg,0,0,0,0
filters/feTile/with-region.svg,0,0,0,0
filters/feTile/with-subregion-1.svg,0,0,0,0
filters/feTile/with-subregion-2.svg,0,0,0,0
filters/feTile/with-subregion-3.svg,0,0,0,0
filters/feTurbulence/baseFrequency=-0.05.svg,0,0,0,0
filters/feTurbulence/baseFrequency=0.01.svg,0,0,0,0
filters/feTurbulence/baseFrequency=0.05--0.01.svg,0,0,0,0
filters/feTurbulence/baseFrequency=0.05-0.01.svg,0,0,0,0
filters/feTurbulence/baseFrequency=0.05-0.05.svg,0,0,0,0
filters/feTurbulence/baseFrequency=0.05-0.svg,0,0,0,0
filters/feTurbulence/color-interpolation-filters=sRGB.svg,0,0,0,0
filters/feTurbulence/complex-transform.svg,0,0,0,0
filters/feTurbulence/no-attributes.svg,0,0,0,0
filters/feTurbulence/numOctaves=-1.svg,0,0,0,0
filters/feTurbulence/numOctaves=0.svg,0,0,0,0
filters/feTurbulence/numOctaves=5.svg,0,0,0,0
filters/feTurbulence/primitiveUnits=objectBoundingBox.svg,0,0,0,0
filters/feTurbulence/seed=-20.svg,0,0,0,0
filters/feTurbulence/seed=1.5.svg,0,0,0,0
filters/feTurbulence/seed=20.svg,0,0,0,0
filters/feTurbulence/stitchTiles=stitch.svg,0,0,0,0
filters/feTurbulence/type=fractalNoise.svg,0,0,0,0
filters/feTurbulence/type=invalid.svg,0,0,0,0
filters/filter/color-interpolation-filters=sRGB.svg,0,0,0,0
filters/filter/complex-order-and-xlink-href.svg,0,0,0,0
filters/filter/content-outside-the-canvas-2.svg,0,0,0,0
filters/filter/content-outside-the-canvas.svg,0,0,0,0
filters/filter/default-color-interpolation-filters.svg,0,0,0,0
filters/filter/everything-via-xlink-href.svg,0,0,0,0
filters/filter/global-transform.svg,0,0,0,0
filters/filter/huge-region.svg,0,0,0,0
filters/filter/in-to-invalid-1.svg,0,0,0,0
filters/filter/in-to-invalid-2.svg,0,0,0,0
filters/filter/in=BackgroundAlpha-with-enable-background.svg,0,0,0,0
filters/filter/in=BackgroundAlpha.svg,0,0,0,0
filters/filter/in=BackgroundImage-with-enable-background.svg,0,0,0,0
filters/filter/in=BackgroundImage.svg,0,0,0,0
filters/filter/in=FillPaint-on-g-without-children.svg,0,0,0,0
filters/filter/in=FillPaint-with-gradient.svg,0,0,0,0
filters/filter/in=FillPaint-with-pattern.svg,0,0,0,0
filters/filter/in=FillPaint-with-target-on-g.svg,0,0,0,0
filters/filter/in=FillPaint.svg,0,0,0,0
filters/filter/in=SourceAlpha.svg,0,0,0,0
filters/filter/in=StrokePaint.svg,0,0,0,0
filters/filter/initial-transform.svg,0,0,0,0
filters/filter/invalid-FuncIRI.svg,0,0,0,0
filters/filter/invalid-filterUnits.svg,0,0,0,0
filters/filter/invalid-primitive-1.svg,0,0,0,0
filters/filter/invalid-primitive-2.svg,0,0,0,0
filters/filter/invalid-region.svg,0,0,0,0
filters/filter/invalid-subregion.svg,0,0,0,0
filters/filter/invalid-xlink-href.svg,0,0,0,0
filters/filter/multiple-primitives-1.svg,0,0,0,0
filters/filter/multiple-primitives-2.svg,0,0,0,0
filters/filter/multiple-primitives-3.svg,0,0,0,0
filters/filter/multiple-primitives-4.svg,0,0,0,0
filters/filter/negative-subregion.svg,0,0,0,0
filters/filter/no-children.svg,0,0,0,0
filters/filter/none.svg,0,0,0,0
filters/filter/on-a-thin-rect.svg,0,0,0,0
filters/filter/on-a-vertical-line.svg,0,0,0,0
filters/filter/on-an-empty-group-1.svg,0,0,0,0
filters/filter/on-an-empty-group-2.svg,0,0,0,0
filters/filter/on-group-with-child-outside-of-canvas.svg,0,0,0,0
filters/filter/on-the-root-svg.svg,0,0,0,0
filters/filter/on-zero-sized-shape.svg,0,0,0,0
filters/filter/path-bbox.svg,0,0,0,0
filters/filter/primitiveUnits=objectBoundingBox.svg,0,0,0,0
filters/filter/recursive-xlink-href.svg,0,0,0,0
filters/filter/region-with-stroke.svg,0,0,0,0
filters/filter/self-recursive-xlink-href.svg,0,0,0,0
filters/filter/simple-case.svg,0,0,0,0
filters/filter/some-attributes-via-xlink-href.svg,0,0,0,0
filters/filter/subregion-and-primitiveUnits=objectBoundingBox-1.svg,0,0,0,0
filters/filter/subregion-and-primitiveUnits=objectBoundingBox-2.svg,0,0,0,0
filters/filter/subregion-bigger-that-region.svg,0,0,0,0
filters/filter/transform-on-filter.svg,0,0,0,0
filters/filter/transform-on-shape-with-filter-region.svg,0,0,0,0
filters/filter/transform-on-shape.svg,0,0,0,0
filters/filter/unresolved-xlink-href.svg,0,0,0,0
filters/filter/with-clip-path-and-mask.svg,0,0,0,0
filters/filter/with-clip-path.svg,0,0,0,0
filters/filter/with-mask-on-parent.svg,0,0,0,0
filters/filter/with-mask.svg,0,0,0,0
filters/filter/with-multiple-transforms-1.svg,0,0,0,0
filters/filter/with-multiple-transforms-2.svg,0,0,0,0
filters/filter/with-region-and-filterUnits=userSpaceOnUse.svg,0,0,0,0
filters/filter/with-region-and-subregion.svg,0,0,0,0
filters/filter/with-region-outside-the-canvas.svg,0,0,0,0
filters/filter/with-region-outside-the-viewbox.svg,0,0,0,0
filters/filter/with-region.svg,0,0,0,0
filters/filter/with-subregion-1.svg,0,0,0,0
filters/filter/with-subregion-2.svg,0,0,0,0
filters/filter/with-subregion-3.svg,0,0,0,0
filters/filter/with-transform-outside-of-canvas.svg,0,0,0,0
filters/filter/without-region-and-filterUnits=userSpaceOnUse.svg,0,0,0,0
filters/filter/zero-sized-subregion.svg,0,0,0,0
filters/filter-functions/blur-function-mm-value.svg,0,0,0,0
filters/filter-functions/blur-function-negative-value.svg,0,0,0,0
filters/filter-functions/blur-function-no-values.svg,0,0,0,0
filters/filter-functions/blur-function-percent-value.svg,0,0,0,0
filters/filter-functions/blur-function-two-values.svg,0,0,0,0
filters/filter-functions/blur-function.svg,0,0,0,0
filters/filter-functions/color-adjust-functions-0percent.svg,0,0,0,0
filters/filter-functions/color-adjust-functions-100percent.svg,0,0,0,0
filters/filter-functions/color-adjust-functions-2.svg,0,0,0,0
filters/filter-functions/color-adjust-functions-200percent.svg,0,0,0,0
filters/filter-functions/color-adjust-functions-50percent.svg,0,0,0,0
filters/filter-functions/color-adjust-functions-default-value.svg,0,0,0,0
filters/filter-functions/color-adjust-functions-negative.svg,0,0,0,0
filters/filter-functions/drop-shadow-function-color-as-attribute.svg,0,0,0,0
filters/filter-functions/drop-shadow-function-color-last.svg,0,0,0,0
filters/filter-functions/drop-shadow-function-comma-spearated.svg,0,0,0,0
filters/filter-functions/drop-shadow-function-currentColor.svg,0,0,0,0
filters/filter-functions/drop-shadow-function-em-values.svg,0,0,0,0
filters/filter-functions/drop-shadow-function-extra-value.svg,0,0,0,0
filters/filter-functions/drop-shadow-function-filter-region.svg,0,0,0,0
filters/filter-functions/drop-shadow-function-mm-values.svg,0,0,0,0
filters/filter-functions/drop-shadow-function-no-color.svg,0,0,0,0
filters/filter-functions/drop-shadow-function-no-values.svg,0,0,0,0
filters/filter-functions/drop-shadow-function-only-X-offset.svg,0,0,0,0
filters/filter-functions/drop-shadow-function-only-offset.svg,0,0,0,0
filters/filter-functions/drop-shadow-function-percent-values.svg,0,0,0,0
filters/filter-functions/drop-shadow-function.svg,0,0,0,0
filters/filter-functions/grayscale-and-opacity.svg,0,0,0,0
filters/filter-functions/hue-rotate-function-0.25turn.svg,0,0,0,0
filters/filter-functions/hue-rotate-function-45.svg,0,0,0,0
filters/filter-functions/hue-rotate-function-45deg.svg,0,0,0,0
filters/filter-functions/hue-rotate-function-45grad.svg,0,0,0,0
filters/filter-functions/hue-rotate-function-45rad.svg,0,0,0,0
filters/filter-functions/hue-rotate-function-999deg.svg,0,0,0,0
filters/filter-functions/hue-rotate-function-default-value.svg,0,0,0,0
filters/filter-functions/hue-rotate-function-zero.svg,0,0,0,0
filters/filter-functions/nested-filters.svg,0,0,0,0
filters/filter-functions/one-invalid-function-in-list.svg,0,0,0,0
filters/filter-functions/one-invalid-url-in-list.svg,0,0,0,0
filters/filter-functions/two-drop-shadow-function.svg,0,0,0,0
filters/filter-functions/two-exact-urls.svg,0,0,0,0
filters/filter-functions/two-urls.svg,0,0,0,0
filters/filter-functions/url-and-grayscale.svg,0,0,0,0
filters/flood-color/hsla-color.svg,0,0,0,0
filters/flood-color/inheritance-1.svg,0,0,0,0
filters/flood-color/inheritance-2.svg,0,0,0,0
filters/flood-color/inheritance-3.svg,0,0,0,0
filters/flood-color/inheritance-4.svg,0,0,0,0
filters/flood-color/inheritance-5.svg,0,0,0,0
filters/flood-color/simple-case.svg,0,0,0,0
filters/flood-opacity/50percent.svg,0,0,0,0
filters/flood-opacity/simple-case.svg,0,0,0,0
masking/clip/simple-case.svg,0,0,0,0
masking/clip-rule/clip-rule=evenodd.svg,0,0,0,0
masking/clipPath/circle-shorthand-with-stroke-box.svg,0,0,0,0
masking/clipPath/circle-shorthand-with-view-box.svg,0,0,0,0
masking/clipPath/circle-shorthand.svg,0,0,0,0
masking/clipPath/clip-path-on-child-with-transform.svg,0,0,0,0
masking/clipPath/clip-path-on-child.svg,0,0,0,0
masking/clipPath/clip-path-on-children.svg,0,0,0,0
masking/clipPath/clip-path-on-self-2.svg,0,0,0,0
masking/clipPath/clip-path-on-self.svg,0,0,0,0
masking/clipPath/clip-path-with-transform-on-text.svg,0,0,0,0
masking/clipPath/clip-path-with-transform.svg,0,0,0,0
masking/clipPath/clip-rule-from-parent-node.svg,0,0,0,0
masking/clipPath/clip-rule=evenodd.svg,0,0,0,0
masking/clipPath/clipPathUnits=objectBoundingBox.svg,0,0,0,0
masking/clipPath/clipping-with-complex-text-1.svg,0,0,0,0
masking/clipPath/clipping-with-complex-text-2.svg,0,0,0,0
masking/clipPath/clipping-with-complex-text-and-clip-rule.svg,0,0,0,0
masking/clipPath/clipping-with-text.svg,0,0,0,0
masking/clipPath/fill-has-no-effect.svg,0,0,0,0
masking/clipPath/filter-has-no-effect.svg,0,0,0,0
masking/clipPath/g-is-not-a-valid-child.svg,0,0,0,0
masking/clipPath/image-is-not-a-valid-child.svg,0,0,0,0
masking/clipPath/invalid-FuncIRI.svg,0,0,0,0
masking/clipPath/invalid-clip-path-on-child.svg,0,0,0,0
masking/clipPath/invalid-clip-path-on-self.svg,0,0,0,0
masking/clipPath/invalid-transform-on-clipPath.svg,0,0,0,0
masking/clipPath/invisible-child-1.svg,0,0,0,0
masking/clipPath/invisible-child-2.svg,0,0,0,0
masking/clipPath/line-is-not-a-valid-child.svg,0,0,0,0
masking/clipPath/malformed-path-child.svg,0,0,0,0
masking/clipPath/mask-has-no-effect.svg,0,0,0,0
masking/clipPath/mixed-clip-rule.svg,0,0,0,0
masking/clipPath/multiple-children.svg,0,0,0,0
masking/clipPath/nested-clip-path.svg,0,0,0,0
masking/clipPath/no-children.svg,0,0,0,0
masking/clipPath/none.svg,0,0,0,0
masking/clipPath/on-a-horizontal-line.svg,0,0,0,0
masking/clipPath/on-the-root-svg-with-size.svg,0,0,0,0
masking/clipPath/on-the-root-svg-without-size.svg,0,0,0,0
masking/clipPath/opacity-has-no-effect.svg,0,0,0,0
masking/clipPath/overlapped-shapes-with-evenodd.svg,0,0,0,0
masking/clipPath/recursive-on-child.svg,0,0,0,0
masking/clipPath/recursive-on-self.svg,0,0,0,0
masking/clipPath/recursive.svg,0,0,0,0
masking/clipPath/self-recursive.svg,0,0,0,0
masking/clipPath/simple-case.svg,0,0,0,0
masking/clipPath/stroke-has-no-effect.svg,0,0,0,0
masking/clipPath/switch-is-not-a-valid-child.svg,0,0,0,0
masking/clipPath/symbol-via-use-is-not-a-valid-child.svg,0,0,0,0
masking/clipPath/transform-on-clipPath.svg,0,0,0,0
masking/clipPath/with-invalid-child-via-use.svg,0,0,0,0
masking/clipPath/with-marker-on-clip.svg,0,0,0,0
masking/clipPath/with-use-child.svg,0,0,0,0
masking/mask/color-interpolation=linearRGB.svg,0,0,0,0
masking/mask/half-width-region-with-rotation.svg,0,0,0,0
masking/mask/invalid-FuncIRI.svg,0,0,0,0
masking/mask/invalid-child.svg,0,0,0,0
masking/mask/invisible-child-1.svg,0,0,0,0
masking/mask/invisible-child-2.svg,0,0,0,0
masking/mask/mask-on-child.svg,0,0,0,0
masking/mask/mask-on-self-with-mask-type=alpha.svg,0,0,0,0
masking/mask/mask-on-self-with-mixed-mask-type.svg,0,0,0,0
masking/mask/mask-on-self.svg,0,0,0,0
masking/mask/mask-type-in-style.svg,0,0,0,0
masking/mask/mask-type=alpha.svg,0,0,0,0
masking/mask/mask-type=invalid.svg,0,0,0,0
masking/mask/mask-type=luminance.svg,0,0,0,0
masking/mask/maskContentUnits=objectBoundingBox.svg,0,0,0,0
masking/mask/maskUnits=objectBoundingBox-with-percent.svg,0,0,0,0
masking/mask/maskUnits=userSpaceOnUse-with-percent.svg,0,0,0,0
masking/mask/maskUnits=userSpaceOnUse-with-rect.svg,0,0,0,0
masking/mask/maskUnits=userSpaceOnUse-with-width-only.svg,0,0,0,0
masking/mask/maskUnits=userSpaceOnUse-without-rect.svg,0,0,0,0
masking/mask/nested-objectBoundingBox.svg,0,0,0,0
masking/mask/no-children.svg,0,0,0,0
masking/mask/none.svg,0,0,0,0
masking/mask/on-a-horizontal-line.svg,0,0,0,0
masking/mask/on-a-small-object.svg,0,0,0,0
masking/mask/on-group-with-transform.svg,0,0,0,0
masking/mask/recursive-on-child.svg,0,0,0,0
masking/mask/recursive-on-self.svg,0,0,0,0
masking/mask/recursive.svg,0,0,0,0
masking/mask/self-recursive.svg,0,0,0,0
masking/mask/simple-case.svg,0,0,0,0
masking/mask/transform-has-no-effect.svg,0,0,0,0
masking/mask/transform-on-shape.svg,0,0,0,0
masking/mask/with-clip-path.svg,0,0,0,0
masking/mask/with-grayscale-image.svg,0,0,0,0
masking/mask/with-image.svg,0,0,0,0
masking/mask/with-opacity-1.svg,0,0,0,0
masking/mask/with-opacity-2.svg,0,0,0,0
masking/mask/with-opacity-3.svg,0,0,0,0
paint-servers/linearGradient/attributes-via-xlink-href-complex-order.svg,0,0,0,0
paint-servers/linearGradient/attributes-via-xlink-href-from-radialGradient.svg,0,0,0,0
paint-servers/linearGradient/attributes-via-xlink-href-from-rect.svg,0,0,0,0
paint-servers/linearGradient/attributes-via-xlink-href-only-required.svg,0,0,0,0
paint-servers/linearGradient/attributes-via-xlink-href.svg,0,0,0,0
paint-servers/linearGradient/default-attributes.svg,0,0,0,0
paint-servers/linearGradient/gradientTransform-and-transform.svg,0,0,0,0
paint-servers/linearGradient/gradientTransform.svg,0,0,0,0
paint-servers/linearGradient/gradientUnits=objectBoundingBox-with-percent.svg,0,0,0,0
paint-servers/linearGradient/gradientUnits=userSpaceOnUse-with-percent.svg,0,0,0,0
paint-servers/linearGradient/gradientUnits=userSpaceOnUse.svg,0,0,0,0
paint-servers/linearGradient/hsla-color.svg,0,0,0,0
paint-servers/linearGradient/invalid-child-1.svg,0,0,0,0
paint-servers/linearGradient/invalid-child-2.svg,0,0,0,0
paint-servers/linearGradient/invalid-child-3.svg,0,0,0,0
paint-servers/linearGradient/invalid-gradientTransform.svg,0,0,0,0
paint-servers/linearGradient/invalid-gradientUnits.svg,0,0,0,0
paint-servers/linearGradient/invalid-spreadMethod.svg,0,0,0,0
paint-servers/linearGradient/invalid-xlink-href.svg,0,0,0,0
paint-servers/linearGradient/many-stops.svg,0,0,0,0
paint-servers/linearGradient/no-stops.svg,0,0,0,0
paint-servers/linearGradient/recursive-xlink-href-1.svg,0,0,0,0
paint-servers/linearGradient/recursive-xlink-href-2.svg,0,0,0,0
paint-servers/linearGradient/recursive-xlink-href-3.svg,0,0,0,0
paint-servers/linearGradient/self-recursive-xlink-href.svg,0,0,0,0
paint-servers/linearGradient/single-stop-with-opacity-used-by-fill-and-stroke.svg,0,0,0,0
paint-servers/linearGradient/single-stop-with-opacity-used-by-fill.svg,0,0,0,0
paint-servers/linearGradient/single-stop-with-opacity-used-by-stroke.svg,0,0,0,0
paint-servers/linearGradient/single-stop.svg,0,0,0,0
paint-servers/linearGradient/spreadMethod=pad.svg,0,0,0,0
paint-servers/linearGradient/spreadMethod=reflect.svg,0,0,0,0
paint-servers/linearGradient/spreadMethod=repeat.svg,0,0,0,0
paint-servers/linearGradient/stops-via-xlink-href-complex-order-1.svg,0,0,0,0
paint-servers/linearGradient/stops-via-xlink-href-complex-order-2.svg,0,0,0,0
paint-servers/linearGradient/stops-via-xlink-href-from-radialGradient.svg,0,0,0,0
paint-servers/linearGradient/stops-via-xlink-href-from-rect.svg,0,0,0,0
paint-servers/linearGradient/stops-via-xlink-href.svg,0,0,0,0
paint-servers/linearGradient/unresolved-xlink-href.svg,0,0,0,0
paint-servers/pattern/attributes-via-xlink-href.svg,0,0,0,0
paint-servers/pattern/child-with-invalid-FuncIRI.svg,0,0,0,0
paint-servers/pattern/children-via-xlink-href.svg,0,0,0,0
paint-servers/pattern/display=none-on-child.svg,0,0,0,0
paint-servers/pattern/everything-via-xlink-href.svg,0,0,0,0
paint-servers/pattern/invalid-patternTransform.svg,0,0,0,0
paint-servers/pattern/invalid-patternUnits-and-patternContentUnits.svg,0,0,0,0
paint-servers/pattern/missing-height.svg,0,0,0,0
paint-servers/pattern/missing-width.svg,0,0,0,0
paint-servers/pattern/nested-objectBoundingBox.svg,0,0,0,0
paint-servers/pattern/no-children.svg,0,0,0,0
paint-servers/pattern/out-of-order-referencing.svg,0,0,0,0
paint-servers/pattern/overflow=visible.svg,0,0,0,0
paint-servers/pattern/pattern-on-child.svg,0,0,0,0
paint-servers/pattern/patternContentUnits-with-viewBox.svg,0,0,0,0
paint-servers/pattern/patternContentUnits=objectBoundingBox.svg,0,0,0,0
paint-servers/pattern/patternUnits=objectBoundingBox-with-percent.svg,0,0,0,0
paint-servers/pattern/patternUnits=objectBoundingBox.svg,0,0,0,0
paint-servers/pattern/patternUnits=userSpaceOnUse-with-percent.svg,0,0,0,0
paint-servers/pattern/preserveAspectRatio.svg,0,0,0,0
paint-servers/pattern/recursive-on-child.svg,0,0,0,0
paint-servers/pattern/self-recursive-on-child.svg,0,0,0,0
paint-servers/pattern/self-recursive.svg,0,0,0,0
paint-servers/pattern/simple-case.svg,0,0,0,0
paint-servers/pattern/text-child.svg,0,0,0,0
paint-servers/pattern/tiny-pattern-upscaled.svg,0,0,0,0
paint-servers/pattern/transform-and-patternTransform.svg,0,0,0,0
paint-servers/pattern/viewBox-via-xlink-href.svg,0,0,0,0
paint-servers/pattern/with-patternTransform.svg,0,0,0,0
paint-servers/pattern/with-viewBox.svg,0,0,0,0
paint-servers/pattern/with-x-and-y.svg,0,0,0,0
paint-servers/radialGradient/attributes-via-xlink-href-complex-order.svg,0,0,0,0
paint-servers/radialGradient/attributes-via-xlink-href-from-linearGradient.svg,0,0,0,0
paint-servers/radialGradient/attributes-via-xlink-href-from-rect.svg,0,0,0,0
paint-servers/radialGradient/attributes-via-xlink-href-only-required.svg,0,0,0,0
paint-servers/radialGradient/attributes-via-xlink-href.svg,0,0,0,0
paint-servers/radialGradient/default-attributes.svg,0,0,0,0
paint-servers/radialGradient/focal-point-correction.svg,0,0,0,0
paint-servers/radialGradient/fr=-1.svg,0,0,0,0
paint-servers/radialGradient/fr=0.2.svg,0,0,0,0
paint-servers/radialGradient/fr=0.5.svg,0,0,0,0
paint-servers/radialGradient/fr=0.7.svg,0,0,0,0
paint-servers/radialGradient/fx-resolving-1.svg,0,0,0,0
paint-servers/radialGradient/fx-resolving-2.svg,0,0,0,0
paint-servers/radialGradient/fx-resolving-3.svg,0,0,0,0
paint-servers/radialGradient/fy-resolving-1.svg,0,0,0,0
paint-servers/radialGradient/fy-resolving-2.svg,0,0,0,0
paint-servers/radialGradient/fy-resolving-3.svg,0,0,0,0
paint-servers/radialGradient/gradientTransform-and-transform.svg,0,0,0,0
paint-servers/radialGradient/gradientTransform.svg,0,0,0,0
paint-servers/radialGradient/gradientUnits=objectBoundingBox-with-percent.svg,0,0,0,0
paint-servers/radialGradient/gradientUnits=userSpaceOnUse-with-percent.svg,0,0,0,0
paint-servers/radialGradient/gradientUnits=userSpaceOnUse.svg,0,0,0,0
paint-servers/radialGradient/hsla-color.svg,0,0,0,0
paint-servers/radialGradient/invalid-gradientTransform.svg,0,0,0,0
paint-servers/radialGradient/invalid-gradientUnits.svg,0,0,0,0
paint-servers/radialGradient/invalid-spreadMethod.svg,0,0,0,0
paint-servers/radialGradient/invalid-xlink-href.svg,0,0,0,0
paint-servers/radialGradient/many-stops.svg,0,0,0,0
paint-servers/radialGradient/negative-r.svg,0,0,0,0
paint-servers/radialGradient/no-stops.svg,0,0,0,0
paint-servers/radialGradient/recursive-xlink-href.svg,0,0,0,0
paint-servers/radialGradient/self-recursive-xlink-href.svg,0,0,0,0
paint-servers/radialGradient/single-stop.svg,0,0,0,0
paint-servers/radialGradient/spreadMethod=pad.svg,0,0,0,0
paint-servers/radialGradient/spreadMethod=reflect.svg,0,0,0,0
paint-servers/radialGradient/spreadMethod=repeat.svg,0,0,0,0
paint-servers/radialGradient/stops-via-xlink-href-complex-order.svg,0,0,0,0
paint-servers/radialGradient/stops-via-xlink-href-from-linearGradient.svg,0,0,0,0
paint-servers/radialGradient/stops-via-xlink-href-from-rect.svg,0,0,0,0
paint-servers/radialGradient/stops-via-xlink-href.svg,0,0,0,0
paint-servers/radialGradient/unresolved-xlink-href.svg,0,0,0,0
paint-servers/radialGradient/xlink-href-not-to-gradient.svg,0,0,0,0
paint-servers/radialGradient/zero-r-with-stop-opacity-1.svg,0,0,0,0
paint-servers/radialGradient/zero-r-with-stop-opacity-2.svg,0,0,0,0
paint-servers/radialGradient/zero-r.svg,0,0,0,0
paint-servers/stop/equal-stop-color.svg,0,0,0,0
paint-servers/stop/hsla-color.svg,0,0,0,0
paint-servers/stop/invalid-offset-1.svg,0,0,0,0
paint-servers/stop/invalid-offset-2.svg,0,0,0,0
paint-servers/stop/missing-offset-1.svg,0,0,0,0
paint-servers/stop/missing-offset-2.svg,0,0,0,0
paint-servers/stop/missing-offset-3.svg,0,0,0,0
paint-servers/stop/missing-offset-4.svg,0,0,0,0
paint-servers/stop/missing-offset-5.svg,0,0,0,0
paint-servers/stop/missing-offset-6.svg,0,0,0,0
paint-servers/stop/missing-offset-7.svg,0,0,0,0
paint-servers/stop/no-stop-color.svg,0,0,0,0
paint-servers/stop/offset-clamping-with-percent.svg,0,0,0,0
paint-servers/stop/offset-clamping.svg,0,0,0,0
paint-servers/stop/offset-with-percent.svg,0,0,0,0
paint-servers/stop/stop-color-with-currentColor-1.svg,0,0,0,0
paint-servers/stop/stop-color-with-currentColor-2.svg,0,0,0,0
paint-servers/stop/stop-color-with-currentColor-3.svg,0,0,0,0
paint-servers/stop/stop-color-with-currentColor-4.svg,0,0,0,0
paint-servers/stop/stop-color-with-inherit-1.svg,0,0,0,0
paint-servers/stop/stop-color-with-inherit-2.svg,0,0,0,0
paint-servers/stop/stop-color-with-inherit-3.svg,0,0,0,0
paint-servers/stop/stop-color-with-inherit-4.svg,0,0,0,0
paint-servers/stop/stop-color-with-inherit-5.svg,0,0,0,0
paint-servers/stop/stop-with-smaller-offset.svg,0,0,0,0
paint-servers/stop/stops-with-equal-offset-1.svg,0,0,0,0
paint-servers/stop/stops-with-equal-offset-2.svg,0,0,0,0
paint-servers/stop/stops-with-equal-offset-3.svg,0,0,0,0
paint-servers/stop/stops-with-equal-offset-4.svg,0,0,0,0
paint-servers/stop/stops-with-equal-offset-5.svg,0,0,0,0
paint-servers/stop/stops-with-equal-offset-6.svg,0,0,0,0
paint-servers/stop/zero-offset-in-the-middle.svg,0,0,0,0
paint-servers/stop-color/simple-case.svg,0,0,0,0
paint-servers/stop-opacity/50percent.svg,0,0,0,0
paint-servers/stop-opacity/simple-case.svg,0,0,0,0
painting/color/inherit.svg,0,0,0,0
painting/color/recursive-nested-context-without-color.svg,0,0,0,0
painting/color/recursive-nested-context.svg,0,0,0,0
painting/color/simple-case.svg,0,0,0,0
painting/context/in-marker.svg,0,0,0,0
painting/context/in-nested-marker.svg,0,0,0,0
painting/context/in-nested-use-and-marker.svg,0,0,0,0
painting/context/in-nested-use.svg,0,0,0,0
painting/context/in-use.svg,0,0,0,0
painting/context/on-shape-with-zero-size-bbox.svg,0,0,0,0
painting/context/with-gradient-and-gradient-transform.svg,0,0,0,0
painting/context/with-gradient-in-use.svg,0,0,0,0
painting/context/with-gradient-on-marker.svg,0,0,0,0
painting/context/with-pattern-and-transform-in-use.svg,0,0,0,0
painting/context/with-pattern-in-use.svg,0,0,0,0
painting/context/with-pattern-objectBoundingBox-in-use.svg,0,0,0,0
painting/context/with-pattern-on-marker.svg,0,0,0,0
painting/context/with-text.svg,0,0,0,0
painting/context/without-context-element.svg,0,0,0,0
painting/display/bBox-impact.svg,0,0,0,0
painting/display/none-on-clipPath.svg,0,0,0,0
painting/display/none-on-defs.svg,0,0,0,0
painting/display/none-on-linearGradient.svg,0,0,0,0
painting/display/none-on-rect.svg,0,0,0,0
painting/display/none-on-svg.svg,0,0,0,0
painting/display/none-on-tref.svg,0,0,0,0
painting/display/none-on-tspan-1.svg,0,0,0,0
painting/display/none-on-tspan-2.svg,0,0,0,0
painting/fill/#RGB-color.svg,0,0,0,0
painting/fill/#RGBA.svg,0,0,0,0
painting/fill/#RRGGBB-color.svg,0,0,0,0
painting/fill/#RRGGBB-uppercase-color.svg,0,0,0,0
painting/fill/#RRGGBBAA.svg,0,0,0,0
painting/fill/currentColor-without-parent.svg,0,0,0,0
painting/fill/currentColor.svg,0,0,0,0
painting/fill/double-inherit.svg,0,0,0,0
painting/fill/funcIRI-to-a-missing-element-with-a-fallback-color.svg,0,0,0,0
painting/fill/funcIRI-to-a-missing-element-with-a-none-fallback.svg,0,0,0,0
painting/fill/funcIRI-to-an-invalid-element-with-a-none-fallback.svg,0,0,0,0
painting/fill/funcIRI-to-an-unsupported-element.svg,0,0,0,0
painting/fill/funcIRI-with-a-fallback-color.svg,0,0,0,0
painting/fill/hsl-120-100percent-25percent.svg,0,0,0,0
painting/fill/hsl-120-200percent-25percent.svg,0,0,0,0
painting/fill/hsl-360-100percent-25percent.svg,0,0,0,0
painting/fill/hsl-999-100percent-25percent.svg,0,0,0,0
painting/fill/hsl-with-alpha.svg,0,0,0,0
painting/fill/hsla-with-percentage-s-and-l-values.svg,0,0,0,0
painting/fill/icc-color.svg,0,0,0,0
painting/fill/inherit-without-parent.svg,0,0,0,0
painting/fill/inherit.svg,0,0,0,0
painting/fill/invalid-#RRGGBB-1.svg,0,0,0,0
painting/fill/invalid-#RRGGBB-2.svg,0,0,0,0
painting/fill/invalid-#RRGGBB-3.svg,0,0,0,0
painting/fill/invalid-FuncIRI-with-a-currentColor-fallback.svg,0,0,0,0
painting/fill/invalid-FuncIRI-with-a-fallback-color.svg,0,0,0,0
painting/fill/linear-gradient-on-shape.svg,0,0,0,0
painting/fill/linear-gradient-on-text.svg,0,0,0,0
painting/fill/missing-FuncIRI-with-a-currentColor-fallback.svg,0,0,0,0
painting/fill/named-color-in-mixedcase.svg,0,0,0,0
painting/fill/named-color-in-uppercase.svg,0,0,0,0
painting/fill/named-color.svg,0,0,0,0
painting/fill/none.svg,0,0,0,0
painting/fill/not-trimmed-attribute-value.svg,0,0,0,0
painting/fill/pattern-on-shape.svg,0,0,0,0
painting/fill/pattern-on-text.svg,0,0,0,0
painting/fill/radial-gradient-on-shape.svg,0,0,0,0
painting/fill/radial-gradient-on-text.svg,0,0,0,0
painting/fill/random-value.svg,0,0,0,0
painting/fill/rgb-0-127-0-0.5.svg,0,0,0,0
painting/fill/rgb-color-with-a-big-fraction-part.svg,0,0,0,0
painting/fill/rgb-color-with-extra-spaces.svg,0,0,0,0
painting/fill/rgb-color-with-float-percentage-values.svg,0,0,0,0
painting/fill/rgb-color-with-floats.svg,0,0,0,0
painting/fill/rgb-color-with-percentage-overflow.svg,0,0,0,0
painting/fill/rgb-color-with-percentage-values.svg,0,0,0,0
painting/fill/rgb-color.svg,0,0,0,0
painting/fill/rgb-int-int-int.svg,0,0,0,0
painting/fill/rgba-0-127-0--1.svg,0,0,0,0
painting/fill/rgba-0-127-0-0.5.svg,0,0,0,0
painting/fill/rgba-0-127-0-0.svg,0,0,0,0
painting/fill/rgba-0-127-0-1.svg,0,0,0,0
painting/fill/rgba-0-127-0-2.svg,0,0,0,0
painting/fill/rgba-0-127-0-50percent.svg,0,0,0,0
painting/fill/rgba-0-50percent-0-0.5.svg,0,0,0,0
painting/fill/rgba-0percent-50percent-0percent-0.5.svg,0,0,0,0
painting/fill/transparent.svg,0,0,0,0
painting/fill/uppercase-rgb-color.svg,0,0,0,0
painting/fill/valid-FuncIRI-with-a-fallback-ICC-color.svg,0,0,0,0
painting/fill-opacity/50percent.svg,0,0,0,0
painting/fill-opacity/half-opacity.svg,0,0,0,0
painting/fill-opacity/nested.svg,0,0,0,0
painting/fill-opacity/on-parent.svg,0,0,0,0
painting/fill-opacity/on-text.svg,0,0,0,0
painting/fill-opacity/with-linearGradient.svg,0,0,0,0
painting/fill-opacity/with-opacity.svg,0,0,0,0
painting/fill-opacity/with-pattern.svg,0,0,0,0
painting/fill-rule/evenodd.svg,0,0,0,0
painting/fill-rule/nonzero.svg,0,0,0,0
painting/image-rendering/on-feImage.svg,0,0,0,0
painting/image-rendering/optimizeSpeed-on-SVG.svg,0,0,0,0
painting/image-rendering/optimizeSpeed.svg,0,0,0,0
painting/isolation/as-property.svg,0,0,0,0
painting/isolation/isolate.svg,0,0,0,0
painting/marker/default-clip.svg,0,0,0,0
painting/marker/empty.svg,0,0,0,0
painting/marker/inheritance-1.svg,0,0,0,0
painting/marker/inheritance-2.svg,0,0,0,0
painting/marker/invalid-child.svg,0,0,0,0
painting/marker/marker-on-circle.svg,0,0,0,0
painting/marker/marker-on-line.svg,0,0,0,0
painting/marker/marker-on-polygon.svg,0,0,0,0
painting/marker/marker-on-polyline.svg,0,0,0,0
painting/marker/marker-on-rect.svg,0,0,0,0
painting/marker/marker-on-rounded-rect.svg,0,0,0,0
painting/marker/marker-on-text.svg,0,0,0,0
painting/marker/marker-with-a-negative-size.svg,0,0,0,0
painting/marker/nested.svg,0,0,0,0
painting/marker/no-stroke-on-target.svg,0,0,0,0
painting/marker/on-ArcTo.svg,0,0,0,0
painting/marker/only-marker-end.svg,0,0,0,0
painting/marker/only-marker-mid.svg,0,0,0,0
painting/marker/only-marker-start.svg,0,0,0,0
painting/marker/orient=-45.svg,0,0,0,0
painting/marker/orient=0.25turn.svg,0,0,0,0
painting/marker/orient=1.5rad.svg,0,0,0,0
painting/marker/orient=30.svg,0,0,0,0
painting/marker/orient=40grad.svg,0,0,0,0
painting/marker/orient=9999.svg,0,0,0,0
painting/marker/orient=auto-on-M-C-C-1.svg,0,0,0,0
painting/marker/orient=auto-on-M-C-C-2.svg,0,0,0,0
painting/marker/orient=auto-on-M-C-C-3.svg,0,0,0,0
painting/marker/orient=auto-on-M-C-C-4.svg,0,0,0,0
painting/marker/orient=auto-on-M-C-C-5.svg,0,0,0,0
painting/marker/orient=auto-on-M-C-C-6.svg,0,0,0,0
painting/marker/orient=auto-on-M-C-C-7.svg,0,0,0,0
painting/marker/orient=auto-on-M-C-C-8.svg,0,0,0,0
painting/marker/orient=auto-on-M-C-L.svg,0,0,0,0
painting/marker/orient=auto-on-M-C-M-L.svg,0,0,0,0
painting/marker/orient=auto-on-M-L-C.svg,0,0,0,0
painting/marker/orient=auto-on-M-L-L-Z-Z-Z.svg,0,0,0,0
painting/marker/orient=auto-on-M-L-L.svg,0,0,0,0
painting/marker/orient=auto-on-M-L-M-C.svg,0,0,0,0
painting/marker/orient=auto-on-M-L-Z.svg,0,0,0,0
painting/marker/orient=auto-on-M-L.svg,0,0,0,0
painting/marker/orient=auto-start-reverse.svg,0,0,0,0
painting/marker/percent-values.svg,0,0,0,0
painting/marker/recursive-1.svg,0,0,0,0
painting/marker/recursive-2.svg,0,0,0,0
painting/marker/recursive-3.svg,0,0,0,0
painting/marker/recursive-4.svg,0,0,0,0
painting/marker/recursive-5.svg,0,0,0,0
painting/marker/target-with-subpaths-1.svg,0,0,0,0
painting/marker/target-with-subpaths-2.svg,0,0,0,0
painting/marker/the-marker-property-in-CSS.svg,0,0,0,0
painting/marker/the-marker-property.svg,0,0,0,0
painting/marker/with-a-large-stroke.svg,0,0,0,0
painting/marker/with-a-text-child.svg,0,0,0,0
painting/marker/with-an-image-child.svg,0,0,0,0
painting/marker/with-invalid-markerUnits.svg,0,0,0,0
painting/marker/with-markerUnits=userSpaceOnUse.svg,0,0,0,0
painting/marker/with-viewBox-1.svg,0,0,0,0
painting/marker/with-viewBox-2.svg,0,0,0,0
painting/marker/zero-length-path-1.svg,0,0,0,0
painting/marker/zero-length-path-2.svg,0,0,0,0
painting/marker/zero-sized-stroke.svg,0,0,0,0
painting/marker/zero-sized.svg,0,0,0,0
painting/mix-blend-mode/as-property.svg,0,0,0,0
painting/mix-blend-mode/color-burn.svg,0,0,0,0
painting/mix-blend-mode/color-dodge.svg,0,0,0,0
painting/mix-blend-mode/color.svg,0,0,0,0
painting/mix-blend-mode/darken.svg,0,0,0,0
painting/mix-blend-mode/difference.svg,0,0,0,0
painting/mix-blend-mode/exclusion.svg,0,0,0,0
painting/mix-blend-mode/hard-light.svg,0,0,0,0
painting/mix-blend-mode/hue.svg,0,0,0,0
painting/mix-blend-mode/lighten.svg,0,0,0,0
painting/mix-blend-mode/luminosity.svg,0,0,0,0
painting/mix-blend-mode/multiply.svg,0,0,0,0
painting/mix-blend-mode/normal.svg,0,0,0,0
painting/mix-blend-mode/opacity-on-element.svg,0,0,0,0
painting/mix-blend-mode/opacity-on-group.svg,0,0,0,0
painting/mix-blend-mode/overlay.svg,0,0,0,0
painting/mix-blend-mode/saturation.svg,0,0,0,0
painting/mix-blend-mode/screen.svg,0,0,0,0
painting/mix-blend-mode/soft-light.svg,0,0,0,0
painting/mix-blend-mode/xor.svg,0,0,0,0
painting/opacity/50percent.svg,0,0,0,0
painting/opacity/bBox-impact.svg,0,0,0,0
painting/opacity/clamp-value-1.svg,0,0,0,0
painting/opacity/clamp-value-2.svg,0,0,0,0
painting/opacity/group-opacity.svg,0,0,0,0
painting/opacity/invalid-value-2.svg,0,0,0,0
painting/opacity/mixed-group-opacity.svg,0,0,0,0
painting/opacity/on-an-invalid-element.svg,0,0,0,0
painting/opacity/on-the-root-svg.svg,0,0,0,0
painting/overflow/auto-on-marker.svg,0,0,0,0
painting/overflow/inherit-on-marker-without-parent.svg,0,0,0,0
painting/overflow/inherit-on-marker.svg,0,0,0,0
painting/overflow/scroll-on-marker.svg,0,0,0,0
painting/overflow/visible-on-marker.svg,0,0,0,0
painting/paint-order/duplicates.svg,0,0,0,0
painting/paint-order/fill-markers-stroke.svg,0,0,0,0
painting/paint-order/fill.svg,0,0,0,0
painting/paint-order/invalid.svg,0,0,0,0
painting/paint-order/markers-stroke.svg,0,0,0,0
painting/paint-order/markers.svg,0,0,0,0
painting/paint-order/normal.svg,0,0,0,0
painting/paint-order/on-text.svg,0,0,0,0
painting/paint-order/on-tspan.svg,0,0,0,0
painting/paint-order/stroke-invalid.svg,0,0,0,0
painting/paint-order/stroke-markers-fill.svg,0,0,0,0
painting/paint-order/stroke-markers.svg,0,0,0,0
painting/paint-order/stroke.svg,0,0,0,0
painting/paint-order/trailing-data.svg,0,0,0,0
painting/shape-rendering/auto-on-circle.svg,0,0,0,0
painting/shape-rendering/crispEdges-on-circle.svg,0,0,0,0
painting/shape-rendering/geometricPrecision-on-circle.svg,0,0,0,0
painting/shape-rendering/inheritance.svg,0,0,0,0
painting/shape-rendering/on-horizontal-line.svg,0,0,0,0
painting/shape-rendering/optimizeSpeed-on-circle.svg,0,0,0,0
painting/shape-rendering/optimizeSpeed-on-text.svg,0,0,0,0
painting/shape-rendering/path-with-marker.svg,0,0,0,0
painting/stroke/control-points-clamping-1.svg,0,0,0,0
painting/stroke/control-points-clamping-2.svg,0,0,0,0
painting/stroke/currentColor-without-a-parent.svg,0,0,0,0
painting/stroke/funcIRI-to-unsupported-element.svg,0,0,0,0
painting/stroke/gradient-with-objectBoundingBox-and-fallback-on-lines.svg,0,0,0,0
painting/stroke/gradient-with-objectBoundingBox-on-path-without-a-bbox-1.svg,0,0,0,0
painting/stroke/gradient-with-objectBoundingBox-on-path-without-a-bbox-2.svg,0,0,0,0
painting/stroke/gradient-with-objectBoundingBox-on-shape-without-a-bbox.svg,0,0,0,0
painting/stroke/line-as-curve-1.svg,0,0,0,0
painting/stroke/line-as-curve-2.svg,0,0,0,0
painting/stroke/linear-gradient-on-text.svg,0,0,0,0
painting/stroke/linear-gradient.svg,0,0,0,0
painting/stroke/named-color.svg,0,0,0,0
painting/stroke/none.svg,0,0,0,0
painting/stroke/pattern-on-text.svg,0,0,0,0
painting/stroke/pattern-with-objectBoundingBox-fallback-on-zero-bbox-shape.svg,0,0,0,0
painting/stroke/pattern-with-objectBoundingBox-on-zero-bbox-shape.svg,0,0,0,0
painting/stroke/pattern.svg,0,0,0,0
painting/stroke/radial-gradient-on-text.svg,0,0,0,0
painting/stroke/radial-gradient.svg,0,0,0,0
painting/stroke-dasharray/0-n-with-butt-caps.svg,0,0,0,0
painting/stroke-dasharray/0-n-with-round-caps.svg,0,0,0,0
painting/stroke-dasharray/0-n-with-square-caps.svg,0,0,0,0
painting/stroke-dasharray/comma-ws-separator.svg,0,0,0,0
painting/stroke-dasharray/em-units.svg,0,0,0,0
painting/stroke-dasharray/even-count.svg,0,0,0,0
painting/stroke-dasharray/mm-units.svg,0,0,0,0
painting/stroke-dasharray/multiple-subpaths.svg,0,0,0,0
painting/stroke-dasharray/n-0.svg,0,0,0,0
painting/stroke-dasharray/negative-sum.svg,0,0,0,0
painting/stroke-dasharray/negative-values.svg,0,0,0,0
painting/stroke-dasharray/none.svg,0,0,0,0
painting/stroke-dasharray/odd-count.svg,0,0,0,0
painting/stroke-dasharray/on-a-circle.svg,0,0,0,0
painting/stroke-dasharray/percent-units.svg,0,0,0,0
painting/stroke-dasharray/ws-separator.svg,0,0,0,0
painting/stroke-dasharray/zero-sum.svg,0,0,0,0
painting/stroke-dashoffset/default.svg,0,0,0,0
painting/stroke-dashoffset/em-units.svg,0,0,0,0
painting/stroke-dashoffset/mm-units.svg,0,0,0,0
painting/stroke-dashoffset/negative-value.svg,0,0,0,0
painting/stroke-dashoffset/percent-units.svg,0,0,0,0
painting/stroke-dashoffset/px-units.svg,0,0,0,0
painting/stroke-linecap/butt.svg,0,0,0,0
painting/stroke-linecap/open-path-with-butt.svg,0,0,0,0
painting/stroke-linecap/open-path-with-round.svg,0,0,0,0
painting/stroke-linecap/open-path-with-square.svg,0,0,0,0
painting/stroke-linecap/round.svg,0,0,0,0
painting/stroke-linecap/square.svg,0,0,0,0
painting/stroke-linecap/zero-length-path-with-butt.svg,0,0,0,0
painting/stroke-linecap/zero-length-path-with-round.svg,0,0,0,0
painting/stroke-linecap/zero-length-path-with-square.svg,0,0,0,0
painting/stroke-linejoin/arcs.svg,0,0,0,0
painting/stroke-linejoin/bevel.svg,0,0,0,0
painting/stroke-linejoin/miter-clip.svg,0,0,0,0
painting/stroke-linejoin/miter.svg,0,0,0,0
painting/stroke-linejoin/round.svg,0,0,0,0
painting/stroke-miterlimit/default.svg,0,0,0,0
painting/stroke-miterlimit/invalid-value.svg,0,0,0,0
painting/stroke-miterlimit/valid-value.svg,0,0,0,0
painting/stroke-miterlimit/value-with-mm.svg,0,0,0,0
painting/stroke-miterlimit/value-with-percent.svg,0,0,0,0
painting/stroke-opacity/50percent.svg,0,0,0,0
painting/stroke-opacity/half-opacity.svg,0,0,0,0
painting/stroke-opacity/nested.svg,0,0,0,0
painting/stroke-opacity/on-parent.svg,0,0,0,0
painting/stroke-opacity/on-text.svg,0,0,0,0
painting/stroke-opacity/with-linearGradient.svg,0,0,0,0
painting/stroke-opacity/with-opacity.svg,0,0,0,0
painting/stroke-opacity/with-pattern.svg,0,0,0,0
painting/stroke-width/bold.svg,0,0,0,0
painting/stroke-width/default.svg,0,0,0,0
painting/stroke-width/negative.svg,0,0,0,0
painting/stroke-width/percentage.svg,0,0,0,0
painting/stroke-width/zero.svg,0,0,0,0
painting/visibility/bbox-impact-1.svg,0,0,0,0
painting/visibility/bbox-impact-2.svg,0,0,0,0
painting/visibility/bbox-impact-3.svg,0,0,0,0
painting/visibility/collapse-on-tspan.svg,0,0,0,0
painting/visibility/hidden-on-group.svg,0,0,0,0
painting/visibility/hidden-on-shape.svg,0,0,0,0
painting/visibility/hidden-on-tspan.svg,0,0,0,0
shapes/circle/missing-cx-and-cy-attributes.svg,0,0,0,0
shapes/circle/missing-cx-attribute.svg,0,0,0,0
shapes/circle/missing-cy-attribute.svg,0,0,0,0
shapes/circle/missing-r-attribute.svg,0,0,0,0
shapes/circle/negative-r-attribute.svg,0,0,0,0
shapes/circle/simple-case.svg,0,0,0,0
shapes/ellipse/missing-cx-and-cy-attributes.svg,0,0,0,0
shapes/ellipse/missing-cx-attribute.svg,0,0,0,0
shapes/ellipse/missing-cy-attribute.svg,0,0,0,0
shapes/ellipse/missing-rx-and-ry-attributes.svg,0,0,0,0
shapes/ellipse/missing-rx-attribute.svg,0,0,0,0
shapes/ellipse/missing-ry-attribute.svg,0,0,0,0
shapes/ellipse/negative-rx-and-ry-attributes.svg,0,0,0,0
shapes/ellipse/negative-rx-attribute.svg,0,0,0,0
shapes/ellipse/negative-ry-attribute.svg,0,0,0,0
shapes/ellipse/percent-values-missing-ry.svg,0,0,0,0
shapes/ellipse/percent-values.svg,0,0,0,0
shapes/ellipse/simple-case.svg,0,0,0,0
shapes/line/no-coordinates.svg,0,0,0,0
shapes/line/no-x1-and-y1-coordinates.svg,0,0,0,0
shapes/line/no-x1-coordinate.svg,0,0,0,0
shapes/line/no-x2-and-y2-coordinates.svg,0,0,0,0
shapes/line/no-x2-coordinate.svg,0,0,0,0
shapes/line/no-y1-coordinate.svg,0,0,0,0
shapes/line/no-y2-coordinate.svg,0,0,0,0
shapes/line/percent-units.svg,0,0,0,0
shapes/line/simple-case.svg,0,0,0,0
shapes/line/with-transform.svg,0,0,0,0
shapes/path/A.svg,0,0,0,0
shapes/path/M-A-s.svg,0,0,0,0
shapes/path/M-A-t.svg,0,0,0,0
shapes/path/M-A-trimmed.svg,0,0,0,0
shapes/path/M-A.svg,0,0,0,0
shapes/path/M-C-S.svg,0,0,0,0
shapes/path/M-C.svg,0,0,0,0
shapes/path/M-H-H-implicit.svg,0,0,0,0
shapes/path/M-H-H.svg,0,0,0,0
shapes/path/M-H.svg,0,0,0,0
shapes/path/M-L-L-Z-rel.svg,0,0,0,0
shapes/path/M-L-L-Z.svg,0,0,0,0
shapes/path/M-L-L-implicit.svg,0,0,0,0
shapes/path/M-L-M-L.svg,0,0,0,0
shapes/path/M-L-M-Z.svg,0,0,0,0
shapes/path/M-L-M.svg,0,0,0,0
shapes/path/M-L-Z-A.svg,0,0,0,0
shapes/path/M-L-Z-L-L.svg,0,0,0,0
shapes/path/M-L.svg,0,0,0,0
shapes/path/M-M-implicit-M-implicit.svg,0,0,0,0
shapes/path/M-M-rel.svg,0,0,0,0
shapes/path/M-M.svg,0,0,0,0
shapes/path/M-Q-T-rel.svg,0,0,0,0
shapes/path/M-Q-T.svg,0,0,0,0
shapes/path/M-Q-rel-T-rel.svg,0,0,0,0
shapes/path/M-Q.svg,0,0,0,0
shapes/path/M-S-S.svg,0,0,0,0
shapes/path/M-S.svg,0,0,0,0
shapes/path/M-T-Q-rel.svg,0,0,0,0
shapes/path/M-T-Q.svg,0,0,0,0
shapes/path/M-T-S-rel.svg,0,0,0,0
shapes/path/M-T-S.svg,0,0,0,0
shapes/path/M-T-T-rel.svg,0,0,0,0
shapes/path/M-T-T.svg,0,0,0,0
shapes/path/M-T.svg,0,0,0,0
shapes/path/M-V-V-implicit.svg,0,0,0,0
shapes/path/M-V-V.svg,0,0,0,0
shapes/path/M-V.svg,0,0,0,0
shapes/path/M-Z.svg,0,0,0,0
shapes/path/M-rel-M-rel-implicit-M-rel-implicit.svg,0,0,0,0
shapes/path/M-rel-M.svg,0,0,0,0
shapes/path/M.svg,0,0,0,0
shapes/path/empty.svg,0,0,0,0
shapes/path/extra-spaces.svg,0,0,0,0
shapes/path/invalid-data-in-L.svg,0,0,0,0
shapes/path/invalid-transform.svg,0,0,0,0
shapes/path/missing-coordinate-in-L.svg,0,0,0,0
shapes/path/multi-line-data.svg,0,0,0,0
shapes/path/negative-large-arc-flag-value.svg,0,0,0,0
shapes/path/negative-sweep-flag-value.svg,0,0,0,0
shapes/path/no-commawsp-after-sweep-flag.svg,0,0,0,0
shapes/path/no-commawsp-before-arc-flags.svg,0,0,0,0
shapes/path/no-commawsp-between-and-after-arc-flags.svg,0,0,0,0
shapes/path/no-commawsp-between-arc-flags.svg,0,0,0,0
shapes/path/numeric-character-references.svg,0,0,0,0
shapes/path/out-of-range-large-arc-flag-value.svg,0,0,0,0
shapes/path/out-of-range-sweep-flag-value.svg,0,0,0,0
shapes/polygon/ignore-odd-points.svg,0,0,0,0
shapes/polygon/missing-points-attribute.svg,0,0,0,0
shapes/polygon/not-enough-points.svg,0,0,0,0
shapes/polygon/simple-case.svg,0,0,0,0
shapes/polygon/stop-processing-on-invalid-data.svg,0,0,0,0
shapes/polyline/ignore-odd-points.svg,0,0,0,0
shapes/polyline/missing-points-attribute.svg,0,0,0,0
shapes/polyline/not-enough-points.svg,0,0,0,0
shapes/polyline/simple-case.svg,0,0,0,0
shapes/polyline/stop-processing-on-invalid-data.svg,0,0,0,0
shapes/rect/cap-values.svg,0,0,0,0
shapes/rect/ch-values.svg,0,0,0,0
shapes/rect/em-values.svg,0,0,0,0
shapes/rect/ex-values.svg,0,0,0,0
shapes/rect/ic-values.svg,0,0,0,0
shapes/rect/invalid-coordinates.svg,0,0,0,0
shapes/rect/invalid-length.svg,0,0,0,0
shapes/rect/lh-values.svg,0,0,0,0
shapes/rect/missing-height-attribute-processing.svg,0,0,0,0
shapes/rect/missing-width-attribute-processing.svg,0,0,0,0
shapes/rect/mm-values.svg,0,0,0,0
shapes/rect/negative-height-attribute-processing.svg,0,0,0,0
shapes/rect/negative-rx-and-ry-attributes-resolving.svg,0,0,0,0
shapes/rect/negative-rx-attribute-resolving.svg,0,0,0,0
shapes/rect/negative-ry-attribute-resolving.svg,0,0,0,0
shapes/rect/negative-width-attribute-processing.svg,0,0,0,0
shapes/rect/percentage-values-1.svg,0,0,0,0
shapes/rect/percentage-values-2.svg,0,0,0,0
shapes/rect/q-values.svg,0,0,0,0
shapes/rect/rem-values.svg,0,0,0,0
shapes/rect/rlh-values.svg,0,0,0,0
shapes/rect/rounded-rect.svg,0,0,0,0
shapes/rect/rx-and-ry-attributes-clamping-order.svg,0,0,0,0
shapes/rect/rx-attribute-clamping.svg,0,0,0,0
shapes/rect/rx-attribute-resolving.svg,0,0,0,0
shapes/rect/ry-attribute-clamping.svg,0,0,0,0
shapes/rect/ry-attribute-resolving.svg,0,0,0,0
shapes/rect/simple-case.svg,0,0,0,0
shapes/rect/vi-and-vb-values.svg,0,0,0,0
shapes/rect/vmin-and-vmax-values.svg,0,0,0,0
shapes/rect/vw-and-vh-values.svg,0,0,0,0
shapes/rect/with-child.svg,0,0,0,0
shapes/rect/x-attribute-resolving.svg,0,0,0,0
shapes/rect/y-attribute-resolving.svg,0,0,0,0
shapes/rect/zero-height-attribute-processing.svg,0,0,0,0
shapes/rect/zero-rx-attribute-resolving.svg,0,0,0,0
shapes/rect/zero-ry-attribute-resolving.svg,0,0,0,0
shapes/rect/zero-width-attribute-processing.svg,0,0,0,0
structure/a/inside-text.svg,0,0,0,0
structure/a/inside-tspan.svg,0,0,0,0
structure/a/on-shape.svg,0,0,0,0
structure/a/on-text.svg,0,0,0,0
structure/a/on-tspan.svg,0,0,0,0
structure/defs/ignore-shapes-inside-defs.svg,0,0,0,0
structure/defs/multiple-defs.svg,0,0,0,0
structure/defs/nested-defs.svg,0,0,0,0
structure/defs/out-of-order.svg,0,0,0,0
structure/defs/simple-case.svg,0,0,0,0
structure/defs/style-inheritance-on-text.svg,0,0,0,0
structure/defs/style-inheritance.svg,0,0,0,0
structure/g/deeply-nested-groups.svg,0,0,0,0
structure/g/recursive-inheritance.svg,0,0,0,0
structure/image/embedded-16bit-png.svg,0,0,0,0
structure/image/embedded-gif.svg,0,0,0,0
structure/image/embedded-jpeg-as-image-jpeg.svg,0,0,0,0
structure/image/embedded-jpeg-as-image-jpg.svg,0,0,0,0
structure/image/embedded-jpeg-without-mime.svg,0,0,0,0
structure/image/embedded-png.svg,0,0,0,0
structure/image/embedded-svg-with-text.svg,0,0,0,0
structure/image/embedded-svg-without-mime.svg,0,0,0,0
structure/image/embedded-svg.svg,0,0,0,0
structure/image/embedded-svgz.svg,0,0,0,0
structure/image/external-gif.svg,0,0,0,0
structure/image/external-jpeg.svg,0,0,0,0
structure/image/external-png.svg,0,0,0,0
structure/image/external-svg-with-transform.svg,0,0,0,0
structure/image/external-svg.svg,0,0,0,0
structure/image/external-svgz.svg,0,0,0,0
structure/image/float-size.svg,0,0,0,0
structure/image/image-with-float-size-scaling.svg,0,0,0,0
structure/image/no-height-non-square.svg,0,0,0,0
structure/image/no-height-on-svg.svg,0,0,0,0
structure/image/no-height.svg,0,0,0,0
structure/image/no-width-and-height-on-svg.svg,0,0,0,0
structure/image/no-width-and-height.svg,0,0,0,0
structure/image/no-width-on-svg.svg,0,0,0,0
structure/image/no-width.svg,0,0,0,0
structure/image/preserveAspectRatio=none-on-svg.svg,0,0,0,0
structure/image/preserveAspectRatio=none.svg,0,0,0,0
structure/image/preserveAspectRatio=xMaxYMax-meet-on-svg.svg,0,0,0,0
structure/image/preserveAspectRatio=xMaxYMax-meet.svg,0,0,0,0
structure/image/preserveAspectRatio=xMaxYMax-slice-on-svg.svg,0,0,0,0
structure/image/preserveAspectRatio=xMaxYMax-slice.svg,0,0,0,0
structure/image/preserveAspectRatio=xMidYMid-meet-on-svg.svg,0,0,0,0
structure/image/preserveAspectRatio=xMidYMid-meet.svg,0,0,0,0
structure/image/preserveAspectRatio=xMidYMid-slice-on-svg.svg,0,0,0,0
structure/image/preserveAspectRatio=xMidYMid-slice.svg,0,0,0,0
structure/image/preserveAspectRatio=xMinYMin-meet-on-svg.svg,0,0,0,0
structure/image/preserveAspectRatio=xMinYMin-meet.svg,0,0,0,0
structure/image/preserveAspectRatio=xMinYMin-slice-on-svg.svg,0,0,0,0
structure/image/preserveAspectRatio=xMinYMin-slice.svg,0,0,0,0
structure/image/raster-image-and-size-with-odd-numbers.svg,0,0,0,0
structure/image/recursive-1.svg,0,0,0,0
structure/image/recursive-2.svg,0,0,0,0
structure/image/url-to-png.svg,0,0,0,0
structure/image/url-to-svg.svg,0,0,0,0
structure/image/width-and-height-set-to-auto.svg,0,0,0,0
structure/image/with-transform.svg,0,0,0,0
structure/image/with-zero-width-and-height.svg,0,0,0,0
structure/image/zero-height.svg,0,0,0,0
structure/image/zero-width.svg,0,0,0,0
structure/style/attribute-selector.svg,0,0,0,0
structure/style/class-selector.svg,0,0,0,0
structure/style/combined-selectors.svg,0,0,0,0
structure/style/external-CSS.svg,0,0,0,0
structure/style/iD-selector.svg,0,0,0,0
structure/style/important.svg,0,0,0,0
structure/style/invalid-type.svg,0,0,0,0
structure/style/non-presentational-attribute.svg,0,0,0,0
structure/style/resolve-order.svg,0,0,0,0
structure/style/rule-specificity.svg,0,0,0,0
structure/style/style-after-usage.svg,0,0,0,0
structure/style/style-inside-CDATA.svg,0,0,0,0
structure/style/transform.svg,0,0,0,0
structure/style/type-selector.svg,0,0,0,0
structure/style/universal-selector.svg,0,0,0,0
structure/style/unresolved-class-selector.svg,0,0,0,0
structure/style-attribute/comments.svg,0,0,0,0
structure/style-attribute/non-presentational-attribute.svg,0,0,0,0
structure/style-attribute/simple-case.svg,0,0,0,0
structure/style-attribute/transform.svg,0,0,0,0
structure/svg/attribute-value-via-ENTITY-reference.svg,0,0,0,0
structure/svg/deeply-nested-svg.svg,0,0,0,0
structure/svg/elements-via-ENTITY-reference-1.svg,0,0,0,0
structure/svg/elements-via-ENTITY-reference-2.svg,0,0,0,0
structure/svg/elements-via-ENTITY-reference-3.svg,0,0,0,0
structure/svg/explicit-svg-namespace.svg,0,0,0,0
structure/svg/funcIRI-parsing.svg,0,0,0,0
structure/svg/funcIRI-with-invalid-characters.svg,0,0,0,0
structure/svg/funcIRI-with-quotes.svg,0,0,0,0
structure/svg/invalid-id-attribute-1.svg,0,0,0,0
structure/svg/invalid-id-attribute-2.svg,0,0,0,0
structure/svg/mixed-namespaces.svg,0,0,0,0
structure/svg/negative-size.svg,0,0,0,0
structure/svg/nested-svg-one-with-rect-and-one-with-viewBox.svg,0,0,0,0
structure/svg/nested-svg-with-overflow-auto.svg,0,0,0,0
structure/svg/nested-svg-with-overflow-visible.svg,0,0,0,0
structure/svg/nested-svg-with-rect-and-percent-values.svg,0,0,0,0
structure/svg/nested-svg-with-rect-and-viewBox-1.svg,0,0,0,0
structure/svg/nested-svg-with-rect-and-viewBox-2.svg,0,0,0,0
structure/svg/nested-svg-with-rect-and-viewBox-3.svg,0,0,0,0
structure/svg/nested-svg-with-rect-and-viewBox-and-percent-values.svg,0,0,0,0
structure/svg/nested-svg-with-rect.svg,0,0,0,0
structure/svg/nested-svg-with-relative-width-and-height.svg,0,0,0,0
structure/svg/nested-svg-with-viewBox-and-percent-values.svg,0,0,0,0
structure/svg/nested-svg-with-viewBox.svg,0,0,0,0
structure/svg/nested-svg.svg,0,0,0,0
structure/svg/no-children.svg,0,0,0,0
structure/svg/no-size.svg,0,0,0,0
structure/svg/not-UTF-8-encoding.svg,0,0,0,0
structure/svg/preserveAspectRatio-with-viewBox-not-at-zero-pos.svg,0,0,0,0
structure/svg/preserveAspectRatio=none.svg,0,0,0,0
structure/svg/preserveAspectRatio=xMaxYMax-slice.svg,0,0,0,0
structure/svg/preserveAspectRatio=xMaxYMax.svg,0,0,0,0
structure/svg/preserveAspectRatio=xMidYMid-slice.svg,0,0,0,0
structure/svg/preserveAspectRatio=xMidYMid.svg,0,0,0,0
structure/svg/preserveAspectRatio=xMinYMin-slice.svg,0,0,0,0
structure/svg/preserveAspectRatio=xMinYMin.svg,0,0,0,0
structure/svg/proportional-viewBox.svg,0,0,0,0
structure/svg/rect-inside-a-non-SVG-element.svg,0,0,0,0
structure/svg/viewBox-not-at-zero-pos.svg,0,0,0,0
structure/svg/xmlns-validation.svg,0,0,0,0
structure/svg/zero-size.svg,0,0,0,0
structure/switch/comment-as-first-child.svg,0,0,0,0
structure/switch/display-none-on-child.svg,0,0,0,0
structure/switch/non-SVG-child.svg,0,0,0,0
structure/switch/requiredFeatures.svg,0,0,0,0
structure/switch/simple-case.svg,0,0,0,0
structure/switch/single-child.svg,0,0,0,0
structure/switch/systemLanguage.svg,0,0,0,0
structure/switch/systemLanguage=en-GB.svg,0,0,0,0
structure/switch/systemLanguage=en-US.svg,0,0,0,0
structure/switch/systemLanguage=en.svg,0,0,0,0
structure/switch/systemLanguage=ru-Ru.svg,0,0,0,0
structure/switch/systemLanguage=ru-en.svg,0,0,0,0
structure/switch/with-attributes.svg,0,0,0,0
structure/symbol/content-outside-the-viewbox.svg,0,0,0,0
structure/symbol/indirect-symbol-reference.svg,0,0,0,0
structure/symbol/opacity-on-symbol-with-viewBox.svg,0,0,0,0
structure/symbol/opacity-on-symbol.svg,0,0,0,0
structure/symbol/opacity-on-use-and-symbol.svg,0,0,0,0
structure/symbol/opacity-on-use.svg,0,0,0,0
structure/symbol/simple-case.svg,0,0,0,0
structure/symbol/unused-symbol.svg,0,0,0,0
structure/symbol/with-custom-use-size.svg,0,0,0,0
structure/symbol/with-overflow-visible.svg,0,0,0,0
structure/symbol/with-transform-on-use-no-size.svg,0,0,0,0
structure/symbol/with-transform-on-use.svg,0,0,0,0
structure/symbol/with-transform.svg,0,0,0,0
structure/symbol/with-viewBox-and-custom-use-rect.svg,0,0,0,0
structure/symbol/with-viewBox-and-custom-use-size.svg,0,0,0,0
structure/symbol/with-viewBox.svg,0,0,0,0
structure/systemLanguage/en-GB.svg,0,0,0,0
structure/systemLanguage/en-US.svg,0,0,0,0
structure/systemLanguage/en.svg,0,0,0,0
structure/systemLanguage/on-clipPath.svg,0,0,0,0
structure/systemLanguage/on-defs.svg,0,0,0,0
structure/systemLanguage/on-linearGradient.svg,0,0,0,0
structure/systemLanguage/on-svg.svg,0,0,0,0
structure/systemLanguage/on-tspan.svg,0,0,0,0
structure/systemLanguage/ru-Ru.svg,0,0,0,0
structure/systemLanguage/ru-en.svg,0,0,0,0
structure/transform/default.svg,0,0,0,0
structure/transform/direct-transform.svg,0,0,0,0
structure/transform/empty.svg,0,0,0,0
structure/transform/extra-spaces.svg,0,0,0,0
structure/transform/matrix-no-commas.svg,0,0,0,0
structure/transform/matrix.svg,0,0,0,0
structure/transform/nested-transforms-1.svg,0,0,0,0
structure/transform/nested-transforms-2.svg,0,0,0,0
structure/transform/numeric-character-references.svg,0,0,0,0
structure/transform/rotate-at-position.svg,0,0,0,0
structure/transform/rotate.svg,0,0,0,0
structure/transform/scale-without-Y.svg,0,0,0,0
structure/transform/scale.svg,0,0,0,0
structure/transform/skewX.svg,0,0,0,0
structure/transform/skewY.svg,0,0,0,0
structure/transform/transform-list.svg,0,0,0,0
structure/transform/translate-without-Y.svg,0,0,0,0
structure/transform/translate.svg,0,0,0,0
structure/transform/zeroed-matrix.svg,0,0,0,0
structure/transform-origin/bottom.svg,0,0,0,0
structure/transform-origin/center.svg,0,0,0,0
structure/transform-origin/keyword-length.svg,0,0,0,0
structure/transform-origin/left.svg,0,0,0,0
structure/transform-origin/length-percent.svg,0,0,0,0
structure/transform-origin/length-px.svg,0,0,0,0
structure/transform-origin/no-transform.svg,0,0,0,0
structure/transform-origin/on-clippath-objectBoundingBox.svg,0,0,0,0
structure/transform-origin/on-clippath.svg,0,0,0,0
structure/transform-origin/on-gradient-object-bounding-box.svg,0,0,0,0
structure/transform-origin/on-gradient-user-space-on-use.svg,0,0,0,0
structure/transform-origin/on-group.svg,0,0,0,0
structure/transform-origin/on-image.svg,0,0,0,0
structure/transform-origin/on-pattern-object-bounding-box.svg,0,0,0,0
structure/transform-origin/on-pattern-user-space-on-use.svg,0,0,0,0
structure/transform-origin/on-shape.svg,0,0,0,0
structure/transform-origin/on-text-path.svg,0,0,0,0
structure/transform-origin/on-text.svg,0,0,0,0
structure/transform-origin/right-bottom.svg,0,0,0,0
structure/transform-origin/right.svg,0,0,0,0
structure/transform-origin/top-left.svg,0,0,0,0
structure/transform-origin/top.svg,0,0,0,0
structure/transform-origin/transform-on-parent.svg,0,0,0,0
structure/use/cSS-rules.svg,0,0,0,0
structure/use/complex-style-resolving-order.svg,0,0,0,0
structure/use/display-inheritance.svg,0,0,0,0
structure/use/duplicated-IDs.svg,0,0,0,0
structure/use/fill-opacity-inheritance.svg,0,0,0,0
structure/use/from-defs.svg,0,0,0,0
structure/use/href-without-the-xlink-namespace.svg,0,0,0,0
structure/use/indirect-recursive-1.svg,0,0,0,0
structure/use/indirect-recursive-2.svg,0,0,0,0
structure/use/indirect-recursive-3.svg,0,0,0,0
structure/use/indirect.svg,0,0,0,0
structure/use/nested-recursive-1.svg,0,0,0,0
structure/use/nested-recursive-2.svg,0,0,0,0
structure/use/nested-xlink-to-svg-element-with-rect-and-size.svg,0,0,0,0
structure/use/non-linear-order.svg,0,0,0,0
structure/use/opacity-inheritance.svg,0,0,0,0
structure/use/position-inheritance.svg,0,0,0,0
structure/use/recursive.svg,0,0,0,0
structure/use/self-recursive.svg,0,0,0,0
structure/use/simple-case.svg,0,0,0,0
structure/use/stroke-opacity-inheritance.svg,0,0,0,0
structure/use/style-inheritance-1.svg,0,0,0,0
structure/use/style-inheritance-2.svg,0,0,0,0
structure/use/style-inheritance-3.svg,0,0,0,0
structure/use/transform-attribute-1.svg,0,0,0,0
structure/use/transform-attribute-2.svg,0,0,0,0
structure/use/transform-inheritance.svg,0,0,0,0
structure/use/with-currentColor.svg,0,0,0,0
structure/use/with-size.svg,0,0,0,0
structure/use/xlink-to-a-child-of-a-non-SVG-element.svg,0,0,0,0
structure/use/xlink-to-a-child-of-an-invalid-element.svg,0,0,0,0
structure/use/xlink-to-an-external-file.svg,0,0,0,0
structure/use/xlink-to-an-invalid-element-1.svg,0,0,0,0
structure/use/xlink-to-an-invalid-element-2.svg,0,0,0,0
structure/use/xlink-to-an-invalid-element-3.svg,0,0,0,0
structure/use/xlink-to-svg-element-with-rect-only-width.svg,0,0,0,0
structure/use/xlink-to-svg-element-with-rect.svg,0,0,0,0
structure/use/xlink-to-svg-element-with-viewBox.svg,0,0,0,0
structure/use/xlink-to-svg-element-with-width-height-on-use.svg,0,0,0,0
structure/use/xlink-to-svg-element-with-x-y-on-use.svg,0,0,0,0
structure/use/xlink-to-svg-element.svg,0,0,0,0
text/alignment-baseline/after-edge.svg,0,0,0,0
text/alignment-baseline/alphabetic.svg,0,0,0,0
text/alignment-baseline/auto.svg,0,0,0,0
text/alignment-baseline/baseline.svg,0,0,0,0
text/alignment-baseline/before-edge.svg,0,0,0,0
text/alignment-baseline/central.svg,0,0,0,0
text/alignment-baseline/hanging-and-baseline-shift-eq-20-on-tspan.svg,0,0,0,0
text/alignment-baseline/hanging-on-tspan.svg,0,0,0,0
text/alignment-baseline/hanging-on-vertical.svg,0,0,0,0
text/alignment-baseline/hanging-with-underline.svg,0,0,0,0
text/alignment-baseline/hanging.svg,0,0,0,0
text/alignment-baseline/ideographic.svg,0,0,0,0
text/alignment-baseline/inherit.svg,0,0,0,0
text/alignment-baseline/mathematical.svg,0,0,0,0
text/alignment-baseline/middle-on-textPath.svg,0,0,0,0
text/alignment-baseline/middle.svg,0,0,0,0
text/alignment-baseline/text-after-edge.svg,0,0,0,0
text/alignment-baseline/text-before-edge.svg,0,0,0,0
text/alignment-baseline/two-textPath-with-middle-on-first.svg,0,0,0,0
text/baseline-shift/-10.svg,0,0,0,0
text/baseline-shift/-50percent.svg,0,0,0,0
text/baseline-shift/0.svg,0,0,0,0
text/baseline-shift/10.svg,0,0,0,0
text/baseline-shift/2mm.svg,0,0,0,0
text/baseline-shift/50percent.svg,0,0,0,0
text/baseline-shift/baseline.svg,0,0,0,0
text/baseline-shift/deeply-nested-super.svg,0,0,0,0
text/baseline-shift/inheritance-1.svg,0,0,0,0
text/baseline-shift/inheritance-2.svg,0,0,0,0
text/baseline-shift/inheritance-3.svg,0,0,0,0
text/baseline-shift/inheritance-4.svg,0,0,0,0
text/baseline-shift/inheritance-5.svg,0,0,0,0
text/baseline-shift/invalid-value.svg,0,0,0,0
text/baseline-shift/mixed-nested.svg,0,0,0,0
text/baseline-shift/nested-length.svg,0,0,0,0
text/baseline-shift/nested-super.svg,0,0,0,0
text/baseline-shift/nested-with-baseline-1.svg,0,0,0,0
text/baseline-shift/nested-with-baseline-2.svg,0,0,0,0
text/baseline-shift/sub.svg,0,0,0,0
text/baseline-shift/super.svg,0,0,0,0
text/baseline-shift/with-rotate.svg,0,0,0,0
text/direction/rtl-with-vertical-writing-mode.svg,0,0,0,0
text/direction/rtl.svg,0,0,0,0
text/dominant-baseline/alignment-baseline-and-baseline-shift-on-tspans.svg,0,0,0,0
text/dominant-baseline/alignment-baseline=baseline-on-tspan.svg,0,0,0,0
text/dominant-baseline/alphabetic.svg,0,0,0,0
text/dominant-baseline/auto.svg,0,0,0,0
text/dominant-baseline/central.svg,0,0,0,0
text/dominant-baseline/complex.svg,0,0,0,0
text/dominant-baseline/different-alignment-baseline-on-tspan.svg,0,0,0,0
text/dominant-baseline/dummy-tspan.svg,0,0,0,0
text/dominant-baseline/equal-alignment-baseline-on-tspan.svg,0,0,0,0
text/dominant-baseline/hanging.svg,0,0,0,0
text/dominant-baseline/ideographic.svg,0,0,0,0
text/dominant-baseline/inherit.svg,0,0,0,0
text/dominant-baseline/mathematical.svg,0,0,0,0
text/dominant-baseline/middle.svg,0,0,0,0
text/dominant-baseline/nested.svg,0,0,0,0
text/dominant-baseline/no-change.svg,0,0,0,0
text/dominant-baseline/reset-size.svg,0,0,0,0
text/dominant-baseline/sequential.svg,0,0,0,0
text/dominant-baseline/text-after-edge.svg,0,0,0,0
text/dominant-baseline/text-before-edge.svg,0,0,0,0
text/dominant-baseline/use-script.svg,0,0,0,0
text/font/font-shorthand.svg,0,0,0,0
text/font/simple-case.svg,0,0,0,0
text/font-family/bold-sans-serif.svg,0,0,0,0
text/font-family/cursive.svg,0,0,0,0
text/font-family/double-quoted.svg,0,0,0,0
text/font-family/fallback-1.svg,0,0,0,0
text/font-family/fallback-2.svg,0,0,0,0
text/font-family/fantasy.svg,0,0,0,0
text/font-family/font-list.svg,0,0,0,0
text/font-family/monospace.svg,0,0,0,0
text/font-family/noto-sans.svg,0,0,0,0
text/font-family/sans-serif.svg,0,0,0,0
text/font-family/serif.svg,0,0,0,0
text/font-family/source-sans-pro.svg,0,0,0,0
text/font-kerning/arabic-script.svg,0,0,0,0
text/font-kerning/as-property.svg,0,0,0,0
text/font-kerning/none.svg,0,0,0,0
text/font-size/em-nested-and-mixed.svg,0,0,0,0
text/font-size/em-on-the-root-element.svg,0,0,0,0
text/font-size/em.svg,0,0,0,0
text/font-size/ex-nested-and-mixed.svg,0,0,0,0
text/font-size/ex-on-the-root-element.svg,0,0,0,0
text/font-size/ex.svg,0,0,0,0
text/font-size/inheritance.svg,0,0,0,0
text/font-size/mixed-values.svg,0,0,0,0
text/font-size/named-value-without-a-parent.svg,0,0,0,0
text/font-size/named-value.svg,0,0,0,0
text/font-size/negative-size.svg,0,0,0,0
text/font-size/nested-percent-values-1.svg,0,0,0,0
text/font-size/nested-percent-values-2.svg,0,0,0,0
text/font-size/percent-value-without-a-parent.svg,0,0,0,0
text/font-size/percent-value.svg,0,0,0,0
text/font-size/simple-case.svg,0,0,0,0
text/font-size/zero-size-on-parent-1.svg,0,0,0,0
text/font-size/zero-size-on-parent-2.svg,0,0,0,0
text/font-size/zero-size-on-parent-3.svg,0,0,0,0
text/font-size/zero-size.svg,0,0,0,0
text/font-size-adjust/simple-case.svg,0,0,0,0
text/font-stretch/extra-condensed.svg,0,0,0,0
text/font-stretch/inherit.svg,0,0,0,0
text/font-stretch/narrower.svg,0,0,0,0
text/font-style/inherit.svg,0,0,0,0
text/font-style/italic.svg,0,0,0,0
text/font-style/oblique.svg,0,0,0,0
text/font-variant/inherit.svg,0,0,0,0
text/font-variant/small-caps.svg,0,0,0,0
text/font-weight/650.svg,0,0,0,0
text/font-weight/700.svg,0,0,0,0
text/font-weight/bold.svg,0,0,0,0
text/font-weight/bolder-with-clamping.svg,0,0,0,0
text/font-weight/bolder-without-parent.svg,0,0,0,0
text/font-weight/bolder.svg,0,0,0,0
text/font-weight/inherit.svg,0,0,0,0
text/font-weight/invalid-number-1.svg,0,0,0,0
text/font-weight/lighter-with-clamping.svg,0,0,0,0
text/font-weight/lighter-without-parent.svg,0,0,0,0
text/font-weight/lighter.svg,0,0,0,0
text/font-weight/normal.svg,0,0,0,0
text/glyph-orientation-horizontal/simple-case.svg,0,0,0,0
text/glyph-orientation-vertical/simple-case.svg,0,0,0,0
text/kerning/0.svg,0,0,0,0
text/kerning/10percent.svg,0,0,0,0
text/lengthAdjust/spacingAndGlyphs.svg,0,0,0,0
text/lengthAdjust/text-on-path.svg,0,0,0,0
text/lengthAdjust/vertical.svg,0,0,0,0
text/lengthAdjust/with-underline.svg,0,0,0,0
text/letter-spacing/-3.svg,0,0,0,0
text/letter-spacing/0.svg,0,0,0,0
text/letter-spacing/1mm.svg,0,0,0,0
text/letter-spacing/3.svg,0,0,0,0
text/letter-spacing/5percent.svg,0,0,0,0
text/letter-spacing/filter-bbox.svg,0,0,0,0
text/letter-spacing/large-negative.svg,0,0,0,0
text/letter-spacing/mixed-scripts.svg,0,0,0,0
text/letter-spacing/mixed-spacing.svg,0,0,0,0
text/letter-spacing/non-ASCII-character.svg,0,0,0,0
text/letter-spacing/normal.svg,0,0,0,0
text/letter-spacing/on-Arabic.svg,0,0,0,0
text/text/bidi-reordering.svg,0,0,0,0
text/text/complex-grapheme-split-by-tspan.svg,0,0,0,0
text/text/complex-graphemes-and-coordinates-list.svg,0,0,0,0
text/text/complex-graphemes.svg,0,0,0,0
text/text/compound-emojis-and-coordinates-list.svg,0,0,0,0
text/text/compound-emojis.svg,0,0,0,0
text/text/dx-and-dy-instead-of-x-and-y.svg,0,0,0,0
text/text/dx-and-dy-with-less-values-than-characters.svg,0,0,0,0
text/text/dx-and-dy-with-more-values-than-characters.svg,0,0,0,0
text/text/dx-and-dy-with-multiple-values.svg,0,0,0,0
text/text/em-and-ex-coordinates.svg,0,0,0,0
text/text/emojis.svg,0,0,0,0
text/text/escaped-text-1.svg,0,0,0,0
text/text/escaped-text-2.svg,0,0,0,0
text/text/escaped-text-3.svg,0,0,0,0
text/text/escaped-text-4.svg,0,0,0,0
text/text/fill-rule=evenodd.svg,0,0,0,0
text/text/filter-bbox.svg,0,0,0,0
text/text/ligatures-handling-in-mixed-fonts-1.svg,0,0,0,0
text/text/ligatures-handling-in-mixed-fonts-2.svg,0,0,0,0
text/text/mm-coordinates.svg,0,0,0,0
text/text/nested.svg,0,0,0,0
text/text/no-coordinates.svg,0,0,0,0
text/text/percent-value-on-dx-and-dy.svg,0,0,0,0
text/text/percent-value-on-x-and-y.svg,0,0,0,0
text/text/real-text-height.svg,0,0,0,0
text/text/rotate-on-Arabic.svg,0,0,0,0
text/text/rotate-with-an-invalid-angle.svg,0,0,0,0
text/text/rotate-with-less-values-than-characters.svg,0,0,0,0
text/text/rotate-with-more-values-than-characters.svg,0,0,0,0
text/text/rotate-with-multiple-values-and-complex-text.svg,0,0,0,0
text/text/rotate-with-multiple-values-underline-and-pattern.svg,0,0,0,0
text/text/rotate-with-multiple-values.svg,0,0,0,0
text/text/rotate.svg,0,0,0,0
text/text/simple-case.svg,0,0,0,0
text/text/transform.svg,0,0,0,0
text/text/x-and-y-with-dx-and-dy-lists.svg,0,0,0,0
text/text/x-and-y-with-dx-and-dy.svg,0,0,0,0
text/text/x-and-y-with-less-values-than-characters.svg,0,0,0,0
text/text/x-and-y-with-more-values-than-characters.svg,0,0,0,0
text/text/x-and-y-with-multiple-values-and-arabic-text.svg,0,0,0,0
text/text/x-and-y-with-multiple-values-and-tspan.svg,0,0,0,0
text/text/x-and-y-with-multiple-values.svg,0,0,0,0
text/text/xml-lang=ja.svg,0,0,0,0
text/text/xml-space.svg,0,0,0,0
text/text/zalgo.svg,0,0,0,0
text/text-anchor/coordinates-list.svg,0,0,0,0
text/text-anchor/end-on-text.svg,0,0,0,0
text/text-anchor/end-with-letter-spacing.svg,0,0,0,0
text/text-anchor/inheritance-1.svg,0,0,0,0
text/text-anchor/inheritance-2.svg,0,0,0,0
text/text-anchor/inheritance-3.svg,0,0,0,0
text/text-anchor/invalid-value-on-text.svg,0,0,0,0
text/text-anchor/middle-on-text.svg,0,0,0,0
text/text-anchor/on-the-first-tspan.svg,0,0,0,0
text/text-anchor/on-tspan-with-arabic.svg,0,0,0,0
text/text-anchor/on-tspan.svg,0,0,0,0
text/text-anchor/start-on-text.svg,0,0,0,0
text/text-anchor/text-anchor-not-on-text-chunk.svg,0,0,0,0
text/text-decoration/all-types-inline-comma-separated.svg,0,0,0,0
text/text-decoration/all-types-inline-no-spaces.svg,0,0,0,0
text/text-decoration/all-types-inline.svg,0,0,0,0
text/text-decoration/all-types-nested.svg,0,0,0,0
text/text-decoration/indirect-with-multiple-colors.svg,0,0,0,0
text/text-decoration/indirect.svg,0,0,0,0
text/text-decoration/line-through.svg,0,0,0,0
text/text-decoration/outside-the-text-element.svg,0,0,0,0
text/text-decoration/overline.svg,0,0,0,0
text/text-decoration/style-resolving-1.svg,0,0,0,0
text/text-decoration/style-resolving-2.svg,0,0,0,0
text/text-decoration/style-resolving-3.svg,0,0,0,0
text/text-decoration/style-resolving-4.svg,0,0,0,0
text/text-decoration/tspan-decoration.svg,0,0,0,0
text/text-decoration/underline-with-dy-list-1.svg,0,0,0,0
text/text-decoration/underline-with-dy-list-2.svg,0,0,0,0
text/text-decoration/underline-with-rotate-list-3.svg,0,0,0,0
text/text-decoration/underline-with-rotate-list-4.svg,0,0,0,0
text/text-decoration/underline-with-y-list.svg,0,0,0,0
text/text-decoration/underline.svg,0,0,0,0
text/text-decoration/with-textLength-on-a-single-character.svg,0,0,0,0
text/text-rendering/geometricPrecision.svg,0,0,0,0
text/text-rendering/on-tspan.svg,0,0,0,0
text/text-rendering/optimizeLegibility.svg,0,0,0,0
text/text-rendering/optimizeSpeed.svg,0,0,0,0
text/text-rendering/with-underline.svg,0,0,0,0
text/textLength/150-on-parent.svg,0,0,0,0
text/textLength/150-on-tspan.svg,0,0,0,0
text/textLength/150.svg,0,0,0,0
text/textLength/40mm.svg,0,0,0,0
text/textLength/75percent.svg,0,0,0,0
text/textLength/arabic-with-lengthAdjust.svg,0,0,0,0
text/textLength/arabic.svg,0,0,0,0
text/textLength/inherit.svg,0,0,0,0
text/textLength/negative.svg,0,0,0,0
text/textLength/on-a-single-tspan.svg,0,0,0,0
text/textLength/on-text-and-tspan.svg,0,0,0,0
text/textLength/zero.svg,0,0,0,0
text/textPath/closed-path.svg,0,0,0,0
text/textPath/complex.svg,0,0,0,0
text/textPath/dy-with-tiny-coordinates.svg,0,0,0,0
text/textPath/invalid-link.svg,0,0,0,0
text/textPath/invalid-textPath-in-the-middle.svg,0,0,0,0
text/textPath/link-to-rect.svg,0,0,0,0
text/textPath/m-A-path.svg,0,0,0,0
text/textPath/m-L-Z-path.svg,0,0,0,0
text/textPath/method=stretch.svg,0,0,0,0
text/textPath/mixed-children-1.svg,0,0,0,0
text/textPath/mixed-children-2.svg,0,0,0,0
text/textPath/nested.svg,0,0,0,0
text/textPath/no-link.svg,0,0,0,0
text/textPath/path-with-ClosePath.svg,0,0,0,0
text/textPath/path-with-subpaths-and-startOffset.svg,0,0,0,0
text/textPath/path-with-subpaths.svg,0,0,0,0
text/textPath/side=right.svg,0,0,0,0
text/textPath/simple-case.svg,0,0,0,0
text/textPath/spacing=auto.svg,0,0,0,0
text/textPath/startOffset=-100.svg,0,0,0,0
text/textPath/startOffset=10percent.svg,0,0,0,0
text/textPath/startOffset=30.svg,0,0,0,0
text/textPath/startOffset=5mm.svg,0,0,0,0
text/textPath/startOffset=9999.svg,0,0,0,0
text/textPath/tspan-with-absolute-position.svg,0,0,0,0
text/textPath/tspan-with-relative-position.svg,0,0,0,0
text/textPath/two-paths.svg,0,0,0,0
text/textPath/very-long-text.svg,0,0,0,0
text/textPath/with-baseline-shift-and-rotate.svg,0,0,0,0
text/textPath/with-baseline-shift.svg,0,0,0,0
text/textPath/with-big-letter-spacing.svg,0,0,0,0
text/textPath/with-coordinates-on-text.svg,0,0,0,0
text/textPath/with-coordinates-on-textPath.svg,0,0,0,0
text/textPath/with-filter.svg,0,0,0,0
text/textPath/with-invalid-path-and-xlink-href.svg,0,0,0,0
text/textPath/with-letter-spacing.svg,0,0,0,0
text/textPath/with-path-and-xlink-href.svg,0,0,0,0
text/textPath/with-path.svg,0,0,0,0
text/textPath/with-rotate.svg,0,0,0,0
text/textPath/with-text-anchor.svg,0,0,0,0
text/textPath/with-transform-on-a-referenced-path.svg,0,0,0,0
text/textPath/with-transform-outside-a-referenced-path.svg,0,0,0,0
text/textPath/with-underline.svg,0,0,0,0
text/textPath/writing-mode=tb.svg,0,0,0,0
text/tref/link-to-a-complex-text.svg,0,0,0,0
text/tref/link-to-a-non-SVG-element.svg,0,0,0,0
text/tref/link-to-a-non-text-element.svg,0,0,0,0
text/tref/link-to-an-external-file-element.svg,0,0,0,0
text/tref/link-to-text.svg,0,0,0,0
text/tref/nested.svg,0,0,0,0
text/tref/position-attributes.svg,0,0,0,0
text/tref/style-attributes.svg,0,0,0,0
text/tref/with-a-title-child.svg,0,0,0,0
text/tref/with-text.svg,0,0,0,0
text/tref/xml-space.svg,0,0,0,0
text/tspan/bidi-reordering.svg,0,0,0,0
text/tspan/mixed-font-size.svg,0,0,0,0
text/tspan/mixed-xml-space-1.svg,0,0,0,0
text/tspan/mixed-xml-space-2.svg,0,0,0,0
text/tspan/mixed-xml-space-3.svg,0,0,0,0
text/tspan/mixed.svg,0,0,0,0
text/tspan/multiple-coordinates.svg,0,0,0,0
text/tspan/nested-rotate.svg,0,0,0,0
text/tspan/nested-whitespaces.svg,0,0,0,0
text/tspan/nested.svg,0,0,0,0
text/tspan/only-with-y.svg,0,0,0,0
text/tspan/outside-the-text.svg,0,0,0,0
text/tspan/pseudo-multi-line.svg,0,0,0,0
text/tspan/rotate-and-display-none.svg,0,0,0,0
text/tspan/rotate-on-child.svg,0,0,0,0
text/tspan/sequential.svg,0,0,0,0
text/tspan/style-override.svg,0,0,0,0
text/tspan/text-shaping-across-multiple-tspan-1.svg,0,0,0,0
text/tspan/text-shaping-across-multiple-tspan-2.svg,0,0,0,0
text/tspan/transform.svg,0,0,0,0
text/tspan/tspan-bbox-1.svg,0,0,0,0
text/tspan/tspan-bbox-2.svg,0,0,0,0
text/tspan/with-clip-path.svg,0,0,0,0
text/tspan/with-dy.svg,0,0,0,0
text/tspan/with-filter.svg,0,0,0,0
text/tspan/with-mask.svg,0,0,0,0
text/tspan/with-opacity.svg,0,0,0,0
text/tspan/with-x-and-y.svg,0,0,0,0
text/tspan/without-attributes.svg,0,0,0,0
text/tspan/xml-space-1.svg,0,0,0,0
text/tspan/xml-space-2.svg,0,0,0,0
text/unicode-bidi/bidi-override.svg,0,0,0,0
text/word-spacing/-5.svg,0,0,0,0
text/word-spacing/0.svg,0,0,0,0
text/word-spacing/10.svg,0,0,0,0
text/word-spacing/2mm.svg,0,0,0,0
text/word-spacing/5percent.svg,0,0,0,0
text/word-spacing/large-negative.svg,0,0,0,0
text/word-spacing/normal.svg,0,0,0,0
text/writing-mode/arabic-with-rl.svg,0,0,0,0
text/writing-mode/horizontal-tb.svg,0,0,0,0
text/writing-mode/inheritance.svg,0,0,0,0
text/writing-mode/invalid-value.svg,0,0,0,0
text/writing-mode/japanese-with-tb.svg,0,0,0,0
text/writing-mode/lr-tb.svg,0,0,0,0
text/writing-mode/lr.svg,0,0,0,0
text/writing-mode/mixed-languages-with-tb-and-underline.svg,0,0,0,0
text/writing-mode/mixed-languages-with-tb.svg,0,0,0,0
text/writing-mode/on-tspan.svg,0,0,0,0
text/writing-mode/rl-tb.svg,0,0,0,0
text/writing-mode/rl.svg,0,0,0,0
text/writing-mode/tb-and-punctuation.svg,0,0,0,0
text/writing-mode/tb-rl.svg,0,0,0,0
text/writing-mode/tb-with-alignment.svg,0,0,0,0
text/writing-mode/tb-with-dx-on-second-tspan.svg,0,0,0,0
text/writing-mode/tb-with-dx-on-tspan.svg,0,0,0,0
text/writing-mode/tb-with-dy-on-second-tspan.svg,0,0,0,0
text/writing-mode/tb-with-rotate-and-underline.svg,0,0,0,0
text/writing-mode/tb-with-rotate.svg,0,0,0,0
text/writing-mode/tb.svg,0,0,0,0
text/writing-mode/vertical-lr.svg,0,0,0,0
text/writing-mode/vertical-rl.svg,0,0,0,0
